# Blender 4.3.2
# www.blender.org
mtllib HomeOutsaide03.mtl
o 立方体.001
v -2.556273 1.367760 -2.293226
v 2.019645 1.487959 -2.439858
v -2.504536 1.367933 0.829458
v 2.019631 1.487766 0.977446
v -1.486709 1.366280 -2.271989
v -1.544777 1.366197 0.810548
v 2.100753 3.052259 -0.006660
v 2.065586 2.373892 0.544620
v -2.586774 2.167469 0.436149
v -2.644375 2.773215 -0.067360
v -1.517396 2.124278 0.412387
v -1.495346 2.706986 -0.080986
v -2.650932 2.773776 -1.395207
v -2.609965 2.168907 -1.899124
v 2.065586 2.373953 -2.007062
v 2.100753 3.052259 -1.455822
v -1.482784 2.123574 -1.874113
v -1.478931 2.706506 -1.381324
v 0.001126 1.390535 -2.349828
v 0.040547 2.795591 -0.044330
v 0.020714 2.187742 -1.940257
v 0.040541 2.795588 -1.418155
v 2.561730 1.493520 -2.472118
v 2.561728 1.493548 1.009625
v 2.871232 3.208093 0.013062
v 2.744506 2.431259 0.571283
v 2.744507 2.431259 -2.033765
v 2.871232 3.208094 -1.475545
v -3.001840 1.391807 -2.309396
v -3.001990 1.391892 0.846886
v -3.130318 2.215564 0.425194
v -3.198958 2.825685 -0.020062
v -3.198915 2.825651 -1.442446
v -3.130355 2.215588 -1.887662
v -2.535193 1.054781 -2.404826
v 2.000465 1.050591 -2.563958
v -2.477612 1.107254 0.923590
v 2.000478 1.050360 1.101545
v -1.486772 1.056169 -2.408188
v -1.544986 1.056142 0.945476
v 0.001482 1.052800 -2.466747
v 2.487455 1.142007 -2.583115
v -2.942889 1.053797 0.964441
v -2.020742 1.363415 0.820002
v -2.021059 1.363353 -2.282519
v -2.045112 2.134660 0.424118
v -2.064570 2.722923 -0.074309
v -2.045097 2.134675 -1.886590
v -2.064570 2.722920 -1.388176
v -2.010198 1.055535 -2.406495
v -0.866244 2.140854 0.442726
v -0.820534 2.730140 -0.063083
v -0.837872 1.374105 -2.310707
v -0.826255 2.141870 -1.907068
v -0.814023 2.730341 -1.399593
v -0.837528 1.055025 -2.437267
v -2.588642 1.841534 -2.082202
v 2.047565 2.033352 -2.207708
v -1.484771 1.816779 -2.053279
v 0.010828 1.867903 -2.130388
v 2.674444 2.059208 -2.230081
v -3.081162 1.866218 -2.093255
v -2.035599 1.820348 -2.067801
v -0.832253 1.832093 -2.091694
v 2.047577 2.033257 0.745275
v -2.558628 1.836527 0.619864
v -1.528731 1.817080 0.591951
v 2.674443 2.059208 0.767599
v -3.081137 1.866233 0.630763
v -2.035620 1.820347 0.605320
v 2.083194 2.713856 0.298651
v -2.615168 2.470952 0.211525
v -1.508470 2.416821 0.191865
v 0.030431 2.494939 0.242517
v 2.812434 2.806848 0.321702
v -3.168663 2.524554 0.221274
v -2.054766 2.429899 0.201380
v -0.843796 2.436518 0.216907
v -2.630489 2.472084 -1.674276
v 2.083195 2.713901 -1.761098
v -1.480821 2.416132 -1.653886
v 0.030609 2.492679 -1.707042
v 2.812434 2.806848 -1.784185
v -3.168642 2.524541 -1.683764
v -2.054766 2.429896 -1.663865
v -0.820151 2.437192 -1.680301
v -2.672186 3.069762 -0.361148
v -1.484260 2.996073 -0.367998
v 2.118626 3.389948 -0.328401
v 0.050472 3.097499 -0.348409
v 2.921437 3.569723 -0.318191
v -3.227545 3.134014 -0.329165
v -2.074456 3.009625 -0.364465
v -0.807897 3.022512 -0.358347
v 2.118626 3.389948 -1.134075
v -1.477142 2.995896 -1.094449
v -2.672164 3.069745 -1.101343
v 0.050471 3.097497 -1.114070
v 2.921437 3.569723 -1.144286
v -3.227485 3.133981 -1.134168
v -2.074456 3.009624 -1.098013
v -0.807914 3.022497 -1.104144
v 2.007337 1.212516 1.055579
v -1.263355 1.056142 0.955310
v -0.894351 1.831281 0.624885
v -0.654340 2.152360 0.450505
v -1.146889 1.371122 0.829286
v -0.365680 2.468316 0.230799
v 0.599603 2.555218 0.258510
v 1.143425 1.960818 0.710425
v 1.599660 1.050372 1.082192
v 1.435262 1.459042 0.951580
v 0.896844 2.268408 0.505801
v 1.359716 1.646625 0.866285
v -2.017973 1.276666 0.854964
v -1.544546 1.139526 0.909207
v -2.013294 1.141687 0.909312
v 2.481766 1.115202 1.129093
v 1.435264 1.458574 0.951747
v 2.006760 1.199651 -2.521706
v 1.486566 1.050606 -2.539145
v 1.495682 1.216556 -2.487833
v -2.962128 1.164557 -2.388431
v -2.545065 1.203862 -2.351704
v -2.558381 1.346986 -2.242148
v 2.023022 1.468807 -2.388217
v -2.506761 1.346447 0.778680
v 2.023021 1.468807 0.925735
v -2.699371 3.323028 -0.731241
v 2.144952 3.686124 -0.731241
v -1.485556 1.343656 -2.221672
v -1.543811 1.343409 0.760301
v -1.474861 3.243137 -0.731241
v 2.107410 3.015026 -0.046840
v 2.069868 2.343928 0.498481
v -2.589381 2.137496 0.389891
v -2.649388 2.735229 -0.107071
v -1.516724 2.093618 0.366512
v -1.494885 2.668488 -0.120516
v -2.655967 2.735801 -1.355489
v -2.612562 2.138914 -1.852879
v 2.069869 2.343928 -1.960963
v 2.107411 3.015026 -1.415643
v -1.481991 2.092917 -1.828238
v -1.478426 2.668027 -1.341775
v 0.004061 1.370123 -2.298645
v 0.065721 3.357561 -0.731241
v 0.045167 2.757279 -0.083774
v 0.024614 2.156997 -1.894600
v 0.045167 2.757279 -1.378709
v 2.565142 1.474018 -2.420610
v 2.565141 1.474018 0.958128
v 2.970310 3.878045 -0.731241
v 2.879291 3.171386 -0.027343
v 2.748858 2.401503 0.525017
v 2.748859 2.401503 -1.987499
v 2.879292 3.171386 -1.435140
v -3.004578 1.370776 -2.258453
v -3.004579 1.370776 0.795970
v -3.255075 3.403793 -0.732020
v -3.132830 2.185584 0.378935
v -3.205215 2.788009 -0.059891
v -3.205214 2.788009 -1.402591
v -3.132830 2.185583 -1.841418
v -2.535455 1.034834 -2.353376
v 2.003227 1.034776 -2.511164
v -2.480178 1.088565 0.871733
v 2.003226 1.034776 1.048681
v -1.485556 1.034834 -2.357312
v -1.542967 1.034834 0.894615
v 0.004061 1.034834 -2.414636
v 2.491435 1.125641 -2.530567
v -2.945455 1.035109 0.912584
v -2.021970 1.341378 0.769427
v -2.021969 1.341378 -2.231910
v -2.087116 3.254098 -0.731241
v -2.047277 2.104322 0.378076
v -2.067197 2.684523 -0.113851
v -2.047277 2.104322 -1.840558
v -2.067197 2.684523 -1.348632
v -2.010506 1.034834 -2.355344
v -0.863107 2.110036 0.397060
v -0.817457 2.691560 -0.102416
v -0.835011 1.352157 -2.260159
v -0.798834 3.272523 -0.731241
v -0.822952 2.111045 -1.861419
v -0.810893 2.691784 -1.360242
v -0.835011 1.034834 -2.385974
v -2.590860 1.816316 -2.033170
v 2.051098 2.008380 -2.158628
v -1.483773 1.790870 -2.004568
v 0.014338 1.842364 -2.081598
v 2.677724 2.034312 -2.180943
v -3.083411 1.840674 -2.044393
v -2.037317 1.794898 -2.018869
v -0.828982 1.806183 -2.043083
v 2.051098 2.008380 0.696146
v -2.560839 1.811310 0.570831
v -1.527920 1.791191 0.543226
v 2.677724 2.034312 0.718462
v -3.083411 1.840675 0.581910
v -2.037318 1.794898 0.556387
v 2.088639 2.679477 0.255833
v -2.618929 2.436217 0.168813
v -1.507948 2.381143 0.149772
v 0.034890 2.457138 0.202565
v 2.818605 2.773010 0.278553
v -3.173056 2.490287 0.178246
v -2.057237 2.394422 0.159186
v -0.840678 2.400717 0.175031
v -2.634265 2.437357 -1.631558
v 2.088640 2.679477 -1.718315
v -1.480208 2.380472 -1.611779
v 0.034891 2.457138 -1.665047
v 2.818606 2.773010 -1.741035
v -3.173055 2.490286 -1.640728
v -2.057237 2.394422 -1.621669
v -0.816923 2.401414 -1.638413
v -2.677670 3.029415 -0.398391
v -1.483776 2.955745 -0.405660
v 2.126181 3.350575 -0.366317
v 0.055444 3.057420 -0.386010
v 2.930598 3.530513 -0.355922
v -3.234178 3.093594 -0.366141
v -2.077157 2.969311 -0.402048
v -0.804864 2.982154 -0.395857
v 2.126181 3.350575 -1.096159
v -1.476644 2.955582 -1.056773
v -2.677669 3.029415 -1.064085
v 0.055444 3.057420 -1.076466
v 2.930598 3.530513 -1.106555
v -3.234178 3.093594 -1.097166
v -2.077157 2.969311 -1.060429
v -0.804864 2.982154 -1.066619
v 2.010612 1.196733 1.002805
v -1.261335 1.034834 0.904449
v -0.891327 1.804619 0.576667
v -0.650909 2.120373 0.405672
v -1.144200 1.348080 0.779217
v -0.361999 2.431174 0.190155
v 0.604700 2.518826 0.217344
v 1.147317 1.934713 0.661965
v 1.602408 1.034788 1.029328
v 1.438377 1.440231 0.899797
v 0.901269 2.237121 0.460563
v 1.363185 1.624659 0.815783
v -2.018765 1.255689 0.803931
v -1.543194 1.117998 0.858416
v -2.013698 1.120184 0.858494
v 2.485749 1.098773 1.076565
v 1.438377 1.440231 0.899797
v 2.010026 1.183861 -2.468933
v 1.489328 1.034791 -2.486351
v 1.498549 1.200314 -2.435174
v -2.964980 1.145962 -2.336556
v -2.546465 1.184746 -2.299958
v -2.688782 3.365012 -0.643189
v -2.688779 3.365036 -0.819255
v 2.131933 3.726182 -0.632625
v 2.131933 3.726170 -0.829866
v -1.477036 3.285722 -0.668664
v -1.475809 3.285709 -0.793804
v 0.057423 3.399992 -0.792095
v 0.057423 3.400000 -0.670397
v 2.952492 3.917146 -0.861457
v 2.952494 3.917163 -0.601034
v -3.243701 3.446655 -0.629225
v -3.243681 3.446573 -0.834831
v -2.081903 3.297117 -0.808807
v -2.081903 3.297098 -0.653657
v -0.803713 3.315451 -0.786528
v -0.803710 3.315461 -0.675978
vn -0.0059 0.7145 -0.6996
vn 0.0512 0.7078 -0.7045
vn 0.0550 0.7071 -0.7050
vn -0.0035 0.7214 -0.6925
vn 0.1035 0.6942 -0.7123
vn 0.1007 0.7009 -0.7062
vn 0.1232 0.6971 -0.7064
vn 0.1217 0.6895 -0.7140
vn 0.0512 0.7078 0.7045
vn -0.0056 0.7147 0.6994
vn -0.0036 0.7216 0.6923
vn 0.0550 0.7070 0.7050
vn -0.0900 0.7093 -0.6991
vn -0.0542 0.7188 -0.6931
vn -0.0536 0.7292 -0.6822
vn -0.0952 0.7133 -0.6944
vn 0.0308 0.4613 0.8867
vn -0.0147 0.4692 0.8829
vn -0.0122 0.5557 0.8313
vn 0.0393 0.5498 0.8344
vn 0.0448 0.6428 0.7647
vn -0.0095 0.6465 0.7629
vn -0.0084 0.6976 0.7164
vn 0.0476 0.6958 0.7166
vn -0.0808 0.6850 0.7241
vn -0.0923 0.6594 0.7461
vn -0.0987 0.6230 0.7760
vn -0.1206 0.6747 0.7281
vn -0.0837 0.6943 0.7148
vn -0.0593 0.4696 -0.8809
vn -0.0181 0.4696 -0.8827
vn -0.0144 0.5556 -0.8313
vn -0.0599 0.5586 -0.8272
vn -0.0585 0.6483 -0.7592
vn -0.0111 0.6461 -0.7631
vn -0.0092 0.6973 -0.7168
vn -0.0567 0.6987 -0.7132
vn 0.0312 0.4613 -0.8867
vn 0.0402 0.4571 -0.8885
vn 0.0471 0.5435 -0.8381
vn 0.0395 0.5501 -0.8342
vn 0.0448 0.6428 -0.7648
vn 0.0685 0.6293 -0.7742
vn 0.0912 0.6882 -0.7198
vn 0.0476 0.6958 -0.7167
vn -0.0987 0.6238 -0.7753
vn -0.0776 0.6440 -0.7611
vn -0.0838 0.6942 -0.7149
vn -0.1207 0.6747 -0.7281
vn -0.0640 0.4526 -0.8894
vn -0.0636 0.4628 -0.8842
vn -0.0707 0.5571 -0.8274
vn -0.0776 0.5441 -0.8354
vn -0.0565 0.6487 0.7589
vn -0.0667 0.6730 0.7366
vn -0.0558 0.6991 0.7128
vn -0.1359 0.6829 -0.7178
vn -0.1433 0.6711 -0.7274
vn -0.1672 0.6485 -0.7426
vn -0.1638 0.6628 -0.7306
vn 0.9860 0.0332 -0.1633
vn 0.9883 0.0884 -0.1242
vn 0.9686 0.2485 -0.0000
vn 0.9858 0.0331 -0.1644
vn -0.0788 0.5392 -0.8385
vn -0.0595 0.4511 -0.8905
vn -0.0776 0.5431 0.8361
vn -0.0789 0.5392 0.8385
vn -0.1118 0.6131 0.7820
vn -0.1433 0.6711 0.7274
vn -0.1359 0.6829 0.7178
vn -0.1638 0.6628 0.7306
vn -0.1672 0.6485 0.7426
vn -0.1460 0.6652 -0.7323
vn -0.1118 0.6131 -0.7820
vn -0.0638 0.4508 0.8903
vn -0.0614 0.3438 0.9370
vn -0.0618 0.3540 0.9332
vn -0.0595 0.4511 0.8905
vn -0.1460 0.6652 0.7323
vn 0.0382 0.3766 -0.9256
vn 0.0496 0.3812 -0.9231
vn 0.0408 0.4629 -0.8855
vn 0.0682 0.6294 0.7741
vn 0.0908 0.6884 0.7197
vn 0.1134 0.6827 0.7219
vn 0.0795 0.6209 0.7799
vn 0.1141 0.6821 -0.7223
vn 0.0401 0.4570 0.8885
vn 0.0473 0.5432 0.8383
vn 0.0455 0.5433 0.8383
vn 0.0412 0.4632 0.8853
vn 0.0448 0.5438 -0.8380
vn 0.0799 0.6206 -0.7800
vn 0.0223 0.3995 0.9165
vn 0.0403 0.3895 0.9201
vn 0.0144 0.3803 0.9248
vn -0.0519 0.3978 -0.9160
vn -0.0532 0.3700 -0.9275
vn -0.0468 0.3257 -0.9443
vn -0.0456 0.3659 -0.9295
vn -0.0612 0.3473 -0.9358
vn -0.0618 0.3535 -0.9334
vn -0.0721 0.2968 -0.9522
vn -0.0592 0.2864 -0.9563
vn 0.0254 0.3467 -0.9376
vn 0.0517 0.3372 -0.9400
vn -0.0520 0.2946 -0.9542
vn -0.0563 0.3279 0.9430
vn -0.0587 0.2848 0.9568
vn -0.0721 0.2980 0.9519
vn 0.0165 0.3983 -0.9171
vn -0.0209 0.4100 -0.9118
vn -0.0220 0.3866 -0.9220
vn 0.0056 0.3752 -0.9269
vn -0.0175 0.4130 0.9105
vn 0.1003 0.7012 0.7059
vn 0.1028 0.6945 0.7122
vn 0.1202 0.6900 0.7138
vn 0.1220 0.6977 0.7059
vn -0.0539 0.7190 0.6929
vn -0.0535 0.7294 0.6820
vn -0.0548 0.4832 0.8738
vn -0.0567 0.5585 0.8276
vn -0.0900 0.7093 0.6991
vn -0.0952 0.7133 0.6944
vn -0.0488 0.4176 0.9073
vn 0.0469 0.3827 0.9227
vn -0.0620 0.5797 0.8124
vn -0.0366 0.3862 0.9217
vn -0.0245 0.3902 0.9204
vn -0.0705 0.4730 0.8783
vn -0.0629 0.3981 0.9152
vn -0.0615 0.3854 0.9207
vn -0.0802 0.5669 0.8199
vn 0.0465 0.3389 0.9397
vn 0.0074 0.3897 0.9209
vn -0.0501 0.2831 0.9578
vn -0.0500 0.2866 -0.9567
vn 0.0048 0.3616 -0.9323
vn 0.0901 -0.7263 -0.6814
vn 0.0955 -0.7481 -0.6567
vn 0.1457 -0.7363 -0.6607
vn 0.1369 -0.7135 -0.6871
vn -0.0489 -0.7306 0.6811
vn -0.0510 -0.7531 0.6560
vn -0.1015 -0.7537 0.6493
vn -0.0998 -0.7309 0.6752
vn 0.0553 -0.7311 0.6800
vn 0.0557 -0.7535 0.6551
vn 0.0096 -0.7530 0.6580
vn 0.0090 -0.7306 0.6828
vn -0.0489 -0.7306 -0.6811
vn -0.0510 -0.7531 -0.6559
vn 0.0097 -0.7531 -0.6578
vn 0.0088 -0.7308 -0.6825
vn -0.0308 -0.4612 -0.8868
vn -0.0392 -0.5498 -0.8344
vn 0.0122 -0.5556 -0.8314
vn 0.0147 -0.4691 -0.8830
vn -0.0448 -0.6429 -0.7646
vn -0.0476 -0.6959 -0.7166
vn 0.0084 -0.6977 -0.7164
vn 0.0095 -0.6466 -0.7628
vn 0.0808 -0.6850 -0.7240
vn 0.0837 -0.6943 -0.7148
vn 0.1206 -0.6747 -0.7281
vn 0.0987 -0.6230 -0.7760
vn 0.0924 -0.6595 -0.7460
vn 0.0593 -0.4695 0.8809
vn 0.0598 -0.5586 0.8273
vn 0.0144 -0.5556 0.8314
vn 0.0181 -0.4695 0.8827
vn 0.0585 -0.6484 0.7591
vn 0.0567 -0.6987 0.7131
vn 0.0092 -0.6973 0.7167
vn 0.0111 -0.6462 0.7631
vn -0.0311 -0.4612 0.8867
vn -0.0395 -0.5501 0.8342
vn -0.0471 -0.5435 0.8381
vn -0.0402 -0.4570 0.8886
vn -0.0448 -0.6429 0.7647
vn -0.0476 -0.6958 0.7166
vn -0.0912 -0.6882 0.7198
vn -0.0684 -0.6293 0.7741
vn 0.0987 -0.6238 0.7753
vn 0.1206 -0.6747 0.7281
vn 0.0838 -0.6942 0.7149
vn 0.0776 -0.6441 0.7610
vn 0.0640 -0.4525 0.8894
vn 0.0776 -0.5441 0.8354
vn 0.0707 -0.5572 0.8274
vn 0.0636 -0.4628 0.8842
vn 0.0565 -0.6488 -0.7589
vn 0.0558 -0.6992 -0.7128
vn 0.0667 -0.6731 -0.7366
vn 0.1369 -0.7135 0.6871
vn 0.1457 -0.7363 0.6607
vn 0.0955 -0.7481 0.6567
vn 0.0901 -0.7263 0.6815
vn 0.0550 -0.7314 -0.6798
vn 0.0555 -0.7537 -0.6549
vn 0.0594 -0.4512 0.8905
vn 0.0789 -0.5393 0.8384
vn 0.1118 -0.6132 -0.7820
vn 0.0789 -0.5393 -0.8384
vn 0.0776 -0.5430 -0.8361
vn 0.1660 -0.7106 0.6838
vn 0.1710 -0.7308 0.6609
vn 0.1118 -0.6132 0.7820
vn 0.1461 -0.6652 0.7322
vn 0.0638 -0.4508 -0.8903
vn 0.0594 -0.4512 -0.8905
vn 0.0618 -0.3539 -0.9332
vn 0.0614 -0.3436 -0.9371
vn 0.1660 -0.7106 -0.6838
vn 0.1461 -0.6652 -0.7322
vn -0.0994 -0.7312 -0.6749
vn -0.1202 -0.7325 -0.6701
vn -0.1166 -0.7550 -0.6453
vn -0.1008 -0.7539 -0.6492
vn -0.0407 -0.4629 0.8855
vn -0.0496 -0.3811 0.9232
vn -0.0382 -0.3765 0.9256
vn -0.0682 -0.6295 -0.7740
vn -0.0796 -0.6210 -0.7798
vn -0.1134 -0.6828 -0.7218
vn -0.0908 -0.6884 -0.7196
vn -0.1213 -0.7319 0.6705
vn -0.1142 -0.6821 0.7222
vn -0.0401 -0.4570 -0.8886
vn -0.0412 -0.4632 -0.8853
vn -0.0455 -0.5433 -0.8383
vn -0.0473 -0.5432 -0.8383
vn -0.0800 -0.6208 0.7799
vn -0.0448 -0.5438 0.8380
vn -0.0222 -0.3994 -0.9165
vn -0.0144 -0.3801 -0.9248
vn -0.0403 -0.3894 -0.9202
vn 0.0518 -0.3977 0.9160
vn 0.0456 -0.3659 0.9295
vn 0.0467 -0.3256 0.9444
vn 0.0532 -0.3699 0.9275
vn 0.0612 -0.3471 0.9358
vn 0.0592 -0.2861 0.9564
vn 0.0721 -0.2966 0.9523
vn 0.0618 -0.3534 0.9334
vn -0.0517 -0.3370 0.9401
vn -0.0254 -0.3464 0.9377
vn 0.0520 -0.2944 0.9543
vn 0.0593 -0.2860 -0.9564
vn 0.0564 -0.3324 -0.9414
vn 0.0722 -0.2977 -0.9519
vn -0.0165 -0.3982 0.9171
vn -0.0056 -0.3751 0.9270
vn 0.0220 -0.3866 0.9220
vn 0.0209 -0.4100 0.9119
vn 0.0175 -0.4130 -0.9106
vn 0.0568 -0.5585 -0.8276
vn 0.0548 -0.4832 -0.8738
vn 0.0487 -0.4176 -0.9073
vn -0.0469 -0.3827 -0.9227
vn 0.0622 -0.5797 -0.8125
vn 0.1710 -0.7308 -0.6608
vn -0.1180 -0.7546 0.6455
vn 0.0366 -0.3861 -0.9217
vn 0.0245 -0.3901 -0.9204
vn 0.0705 -0.4731 -0.8782
vn 0.0564 -0.3409 -0.9384
vn 0.0629 -0.3981 -0.9152
vn 0.0802 -0.5670 -0.8198
vn -0.0465 -0.3387 -0.9398
vn -0.0073 -0.3897 -0.9209
vn 0.0498 -0.2824 -0.9580
vn 0.0500 -0.2866 0.9567
vn -0.0048 -0.3615 0.9324
vn 0.9826 -0.1269 0.1355
vn 0.9798 -0.1542 0.1275
vn 0.9826 -0.1272 0.1354
vn 0.9883 0.0884 0.1242
vn 0.9860 0.0332 0.1633
vn 0.9858 0.0331 0.1644
vn 0.9833 0.0106 0.1814
vn 0.9834 0.0100 0.1813
vn 0.9843 -0.0404 0.1718
vn 0.9837 -0.0914 0.1548
vn 0.9837 -0.0920 0.1545
vn 0.9843 -0.0415 0.1716
vn 0.9826 -0.1270 -0.1355
vn 0.9837 -0.0914 -0.1548
vn 0.9837 -0.0920 -0.1545
vn 0.9826 -0.1272 -0.1354
vn 0.9843 -0.0404 -0.1718
vn 0.9833 0.0106 -0.1814
vn 0.9834 0.0100 -0.1813
vn 0.9843 -0.0415 -0.1716
vn -0.9898 -0.1006 -0.1011
vn -0.9863 -0.1269 -0.1051
vn -0.9898 -0.1005 -0.1011
vn -0.9877 0.1566 -0.0002
vn -0.9930 0.0843 -0.0832
vn -0.9925 0.0425 -0.1146
vn -0.9925 0.0424 -0.1150
vn -0.9898 -0.1006 0.1009
vn -0.9921 -0.0673 0.1063
vn -0.9921 -0.0675 0.1061
vn -0.9898 -0.1005 0.1009
vn -0.9923 -0.0257 0.1213
vn -0.9915 0.0181 0.1287
vn -0.9915 0.0177 0.1287
vn -0.9923 -0.0269 0.1210
vn -0.9914 0.0185 -0.1293
vn -0.9914 0.0181 -0.1293
vn -0.9923 -0.0256 -0.1214
vn -0.9921 -0.0674 -0.1060
vn -0.9921 -0.0677 -0.1058
vn -0.9923 -0.0267 -0.1211
vn -0.0139 -0.9580 -0.2863
vn -0.0007 -0.9272 -0.3747
vn -0.0091 -0.9256 -0.3784
vn -0.0007 -0.9272 -0.3746
vn -0.0135 -0.9224 0.3859
vn -0.0154 -0.9325 -0.3609
vn 0.0431 -0.9429 -0.3302
vn 0.0435 -0.9430 -0.3301
vn -0.0154 -0.9326 -0.3607
vn 0.1363 -0.9341 0.3299
vn 0.9778 -0.1667 -0.1269
vn 0.9798 -0.1543 -0.1274
vn 0.9798 -0.1542 -0.1274
vn -0.9977 -0.0564 -0.0374
vn -0.9850 -0.1360 -0.1059
vn -0.9852 -0.1372 0.1026
vn -0.9865 -0.1277 0.1030
vn 0.9778 -0.1666 0.1271
vn -0.0006 -0.9297 -0.3683
vn -0.3966 -0.7167 0.5736
vn 0.0439 -0.7319 0.6800
vn 0.0440 -0.7319 0.6800
vn -0.4173 -0.7118 0.5650
vn -0.9926 0.0422 0.1140
vn -0.9930 0.0841 0.0828
vn -0.9925 0.0420 0.1144
vn 0.9976 -0.0256 0.0645
vn 0.4458 -0.6512 0.6141
vn 0.4636 -0.6445 0.6080
vn 0.8127 -0.4417 0.3801
vn 0.8131 -0.4418 0.3790
vn 0.8621 -0.4141 0.2922
vn 0.9194 -0.3341 0.2076
vn 0.9198 -0.3334 0.2071
vn 0.8626 -0.4135 0.2913
vn 0.9440 -0.2836 0.1686
vn -0.0136 -0.9593 0.2821
vn -0.8968 -0.4234 0.1286
vn -0.8380 -0.5041 0.2091
vn -0.8381 -0.5040 0.2086
vn -0.8967 -0.4236 0.1287
vn -0.9358 -0.3441 0.0770
vn -0.8047 -0.5208 0.2849
vn -0.8051 -0.5206 0.2841
vn -0.9324 -0.3555 0.0646
vn -0.9995 -0.0111 -0.0285
vn -0.9994 -0.0268 0.0229
vn -0.0042 -0.9208 0.3899
vn -0.2339 -0.9341 0.2696
vn 0.9943 0.0752 -0.0759
vn -0.1888 -0.9043 0.3828
vn 0.9976 -0.0255 -0.0646
vn -0.1499 -0.9484 -0.2793
vn -0.9973 0.0354 0.0640
vn 0.0997 -0.9443 -0.3135
vn 0.1168 -0.9348 -0.3354
vn -0.1268 0.9919 -0.0001
vn -0.1918 0.9814 -0.0001
vn 0.0657 0.9978 0.0001
vn -0.0121 0.9999 -0.0001
vn -0.0125 0.9999 -0.0001
vn -0.0709 0.9975 -0.0002
vn -0.2267 0.9740 -0.0001
vn 0.1286 0.9917 -0.0000
vn 0.1455 0.9894 -0.0001
vn -0.0464 0.2742 0.9605
vt 0.138409 0.704797
vt 0.104969 0.709889
vt 0.102401 0.687267
vt 0.137345 0.680551
vt 0.067796 0.693467
vt 0.071672 0.714570
vt 0.040898 0.719398
vt 0.036465 0.698470
vt 0.100556 0.655706
vt 0.133963 0.649357
vt 0.136806 0.673326
vt 0.101754 0.678584
vt 0.224440 0.698201
vt 0.176098 0.700440
vt 0.176343 0.674771
vt 0.226457 0.672036
vt 0.081824 0.570754
vt 0.109792 0.564871
vt 0.117210 0.584088
vt 0.088292 0.590621
vt 0.093667 0.610896
vt 0.123868 0.604238
vt 0.129727 0.626358
vt 0.097921 0.633044
vt 0.219235 0.588697
vt 0.258747 0.585757
vt 0.344821 0.599636
vt 0.341722 0.623704
vt 0.223621 0.611280
vt 0.175314 0.789273
vt 0.141014 0.791354
vt 0.140301 0.771508
vt 0.175494 0.769140
vt 0.175676 0.748065
vt 0.139746 0.750876
vt 0.139154 0.728221
vt 0.175846 0.724728
vt 0.111925 0.795481
vt 0.082522 0.799875
vt 0.079691 0.779298
vt 0.110137 0.775446
vt 0.108581 0.754945
vt 0.077238 0.758766
vt 0.074731 0.736638
vt 0.106955 0.732577
vt 0.332817 0.757110
vt 0.221705 0.747432
vt 0.222885 0.723259
vt 0.335865 0.732805
vt 0.327511 0.801027
vt 0.219375 0.790292
vt 0.220597 0.769320
vt 0.330129 0.779646
vt 0.162080 0.595644
vt 0.191720 0.590834
vt 0.169052 0.618565
vt 0.339709 0.708166
vt 0.344382 0.684480
vt 0.391252 0.691639
vt 0.384592 0.712154
vt 0.656058 0.758813
vt 0.646555 0.743458
vt 0.649618 0.738249
vt 0.658381 0.757791
vt 0.367186 0.782733
vt 0.361715 0.804293
vt 0.350543 0.577983
vt 0.385118 0.592884
vt 0.383462 0.612600
vt 0.344840 0.673916
vt 0.342458 0.649339
vt 0.387718 0.657789
vt 0.392202 0.679073
vt 0.378526 0.735404
vt 0.372729 0.760140
vt 0.358440 0.558474
vt 0.374631 0.533154
vt 0.400986 0.548652
vt 0.389380 0.574890
vt 0.384268 0.635169
vt 0.087516 0.828537
vt 0.063345 0.831229
vt 0.055736 0.802878
vt 0.063956 0.619317
vt 0.066424 0.640860
vt 0.035935 0.646494
vt 0.034681 0.628373
vt 0.044558 0.741269
vt 0.054597 0.579278
vt 0.060228 0.599453
vt 0.032657 0.611206
vt 0.029101 0.592745
vt 0.051221 0.780924
vt 0.047718 0.761263
vt 0.072919 0.543791
vt 0.042321 0.550441
vt 0.071720 0.538726
vt 0.175269 0.817572
vt 0.217412 0.819545
vt 0.215340 0.839437
vt 0.175450 0.836460
vt 0.323225 0.833395
vt 0.352884 0.836617
vt 0.347154 0.856538
vt 0.320815 0.849142
vt 0.089675 0.838222
vt 0.067592 0.844179
vt 0.292718 0.844030
vt 0.357293 0.509321
vt 0.386560 0.521968
vt 0.410904 0.529885
vt 0.115394 0.823056
vt 0.142670 0.818853
vt 0.144478 0.837439
vt 0.119148 0.840657
vt 0.099773 0.537728
vt 0.067320 0.662772
vt 0.066993 0.684270
vt 0.035590 0.688406
vt 0.036313 0.667313
vt 0.173300 0.642602
vt 0.176069 0.668158
vt 0.144356 0.555204
vt 0.153370 0.574984
vt 0.224518 0.637802
vt 0.226427 0.664708
vt 0.121157 0.532299
vt 0.022015 0.569653
vt 0.165139 0.572030
vt 0.111268 0.515940
vt 0.096464 0.524210
vt 0.095953 0.519031
vt 0.312081 0.539459
vt 0.338740 0.518364
vt 0.356426 0.508635
vt 0.286144 0.561806
vt 0.009342 0.557396
vt 0.027998 0.540474
vt 0.070456 0.530618
vt 0.382244 0.500204
vt 0.292556 0.854103
vt 0.320330 0.857379
vt 0.092957 0.846717
vt 0.785730 0.691635
vt 0.785916 0.714050
vt 0.688980 0.730451
vt 0.689254 0.707953
vt 0.889614 0.732540
vt 0.889551 0.712381
vt 0.918911 0.713249
vt 0.917492 0.732567
vt 0.830113 0.732869
vt 0.827493 0.711547
vt 0.860074 0.711550
vt 0.861576 0.732254
vt 0.887979 0.692126
vt 0.860050 0.690837
vt 0.892322 0.620987
vt 0.889892 0.637683
vt 0.865424 0.635840
vt 0.868524 0.619320
vt 0.888275 0.654696
vt 0.887557 0.673268
vt 0.860936 0.671596
vt 0.862894 0.652901
vt 0.785725 0.651742
vt 0.785046 0.670618
vt 0.688604 0.686835
vt 0.686190 0.666720
vt 0.755600 0.653351
vt 0.839286 0.804434
vt 0.837118 0.788229
vt 0.866573 0.786442
vt 0.868069 0.802512
vt 0.834917 0.771307
vt 0.832562 0.752469
vt 0.863210 0.751358
vt 0.864947 0.769781
vt 0.892721 0.802666
vt 0.891996 0.786304
vt 0.917459 0.785830
vt 0.917545 0.802710
vt 0.891125 0.769613
vt 0.890205 0.751263
vt 0.917115 0.750860
vt 0.917274 0.769045
vt 0.705278 0.791532
vt 0.700547 0.771769
vt 0.793471 0.755786
vt 0.796672 0.775160
vt 0.713678 0.826992
vt 0.709572 0.809750
vt 0.799656 0.792620
vt 0.802689 0.809352
vt 0.831016 0.650904
vt 0.828409 0.670146
vt 0.806890 0.650407
vt 0.695233 0.751706
vt 0.789969 0.735736
vt 0.827478 0.690044
vt 0.685642 0.832100
vt 0.679231 0.815060
vt 0.654109 0.676996
vt 0.653261 0.659499
vt 0.682370 0.648508
vt 0.672561 0.796963
vt 0.665451 0.776863
vt 0.677160 0.631709
vt 0.650909 0.643402
vt 0.644433 0.619753
vt 0.665998 0.607389
vt 0.652324 0.716755
vt 0.653807 0.696965
vt 0.915939 0.693977
vt 0.941755 0.694018
vt 0.945497 0.713464
vt 0.939931 0.801601
vt 0.937659 0.825140
vt 0.917042 0.826556
vt 0.913502 0.657937
vt 0.938428 0.661827
vt 0.939673 0.676855
vt 0.914141 0.675884
vt 0.943183 0.733198
vt 0.942339 0.751258
vt 0.915990 0.624177
vt 0.938527 0.631920
vt 0.937850 0.647518
vt 0.914003 0.641286
vt 0.941734 0.767607
vt 0.940945 0.783625
vt 0.896015 0.598181
vt 0.896347 0.594015
vt 0.921097 0.599347
vt 0.842236 0.827425
vt 0.844019 0.842884
vt 0.810488 0.848747
vt 0.807241 0.832812
vt 0.720145 0.853156
vt 0.722545 0.866660
vt 0.701410 0.872088
vt 0.695141 0.857413
vt 0.934996 0.835471
vt 0.916616 0.834938
vt 0.746122 0.859280
vt 0.659476 0.595355
vt 0.691701 0.596704
vt 0.638098 0.604887
vt 0.893011 0.825485
vt 0.891882 0.840252
vt 0.870272 0.840370
vt 0.869704 0.825056
vt 0.872977 0.596010
vt 0.834713 0.633426
vt 0.838823 0.616494
vt 0.854203 0.594304
vt 0.941933 0.611949
vt 0.824711 0.632807
vt 0.861433 0.580040
vt 0.873120 0.580022
vt 0.874471 0.584463
vt 0.717696 0.619344
vt 0.691666 0.596175
vt 0.700150 0.604617
vt 0.735830 0.635969
vt 0.932273 0.588781
vt 0.948412 0.599160
vt 0.895339 0.587253
vt 0.658613 0.587350
vt 0.675062 0.581767
vt 0.745551 0.868269
vt 0.726082 0.872603
vt 0.913415 0.842100
vt 0.648513 0.644208
vt 0.642095 0.620713
vt 0.645151 0.734399
vt 0.649788 0.716564
vt 0.651279 0.697002
vt 0.651594 0.677247
vt 0.650779 0.659988
vt 0.683261 0.832946
vt 0.676848 0.815907
vt 0.670171 0.797780
vt 0.663074 0.777707
vt 0.942451 0.801859
vt 0.940133 0.825654
vt 0.949392 0.716600
vt 0.945693 0.733497
vt 0.941041 0.632346
vt 0.940345 0.647649
vt 0.940954 0.661812
vt 0.942209 0.676678
vt 0.944874 0.751381
vt 0.944257 0.767687
vt 0.943462 0.783786
vt 0.747197 0.870364
vt 0.725511 0.875317
vt 0.891677 0.842781
vt 0.870353 0.842887
vt 0.859982 0.577710
vt 0.873905 0.577658
vt 0.844371 0.845394
vt 0.810937 0.851233
vt 0.932517 0.585993
vt 0.951301 0.598590
vt 0.700127 0.874604
vt 0.692810 0.858387
vt 0.917692 0.837672
vt 0.914185 0.844692
vt 0.936537 0.837763
vt 0.944318 0.612828
vt 0.635305 0.604098
vt 0.756417 0.650804
vt 0.785580 0.649263
vt 0.944256 0.693641
vt 0.949192 0.710272
vt 0.657026 0.593543
vt 0.656461 0.585555
vt 0.805719 0.648010
vt 0.822914 0.631055
vt 0.836842 0.614924
vt 0.852081 0.592923
vt 0.675529 0.579152
vt 0.701723 0.602635
vt 0.719266 0.617369
vt 0.693642 0.594344
vt 0.737401 0.634020
vt 0.875976 0.581912
vt 0.896898 0.585118
vt 0.898154 0.591788
vt 0.920713 0.596697
vt 0.721775 0.869550
vt 0.747590 0.861637
vt 0.395202 0.516107
s 1
f 96/1/1 101/2/2 269/3/3 262/4/4
f 258/5/5 97/6/6 100/7/7 268/8/8
f 93/9/9 88/10/10 261/11/11 270/12/12
f 98/13/13 102/14/14 271/15/15 263/16/16
f 70/17/17 67/18/18 11/19/19 46/20/20
f 77/21/21 73/22/22 12/23/23 47/24/24
f 74/25/25 109/26/26 71/27/27 7/28/28 20/29/29
f 64/30/30 59/31/31 17/32/32 54/33/33
f 86/34/34 81/35/35 18/36/36 55/37/37
f 63/38/38 57/39/39 14/40/40 48/41/41
f 85/42/42 79/43/43 13/44/44 49/45/45
f 80/46/46 82/47/47 22/48/48 16/49/49
f 58/50/50 60/51/51 21/52/52 15/53/53
f 78/54/54 108/55/55 74/25/25 20/29/29 52/56/56
f 95/57/57 260/58/58 265/59/59 99/60/60
f 99/61/61 265/62/62 153/63/63 231/64/64
f 58/50/50 15/53/53 27/65/65 61/66/66
f 71/27/27 8/67/67 26/68/68 75/69/69
f 259/70/70 89/71/71 91/72/72 266/73/73
f 80/46/46 16/49/49 28/74/74 83/75/75
f 65/76/76 4/77/77 24/78/78 68/79/79
f 89/71/71 7/28/28 25/80/80 91/72/72
f 101/2/2 97/6/6 258/5/5 269/3/3
f 57/39/39 1/81/81 29/82/82 62/83/83
f 72/84/84 10/85/85 32/86/86 76/87/87
f 97/6/6 13/44/44 33/88/88 100/7/7
f 66/89/89 9/90/90 31/91/91 69/92/92
f 79/43/43 14/40/40 34/93/93 84/94/94
f 44/95/95 3/96/96 115/97/97
f 53/98/98 19/99/99 41/100/100 56/101/101
f 2/102/102 23/103/103 42/104/104 120/105/105
f 29/82/82 1/81/81 124/106/106 123/107/107
f 2/102/102 120/105/105 122/108/108
f 4/77/77 119/109/109 103/110/110
f 24/78/78 4/77/77 103/110/110 118/111/111
f 45/112/112 5/113/113 39/114/114 50/115/115
f 1/81/81 45/112/112 124/106/106
f 6/116/116 44/95/95 115/97/97
f 81/35/35 85/42/42 49/45/45 18/36/36
f 59/31/31 63/38/38 48/41/41 17/32/32
f 72/84/84 77/21/21 47/24/24 10/85/85
f 66/89/89 70/17/17 46/20/20 9/90/90
f 87/117/117 257/118/118 267/119/119 92/120/120
f 88/10/10 94/121/121 272/122/122 261/11/11
f 5/113/113 53/98/98 56/101/101 39/114/114
f 102/14/14 96/1/1 262/4/4 271/15/15
f 67/18/18 105/123/123 51/124/124 11/19/19
f 73/22/22 78/54/54 52/56/56 12/23/23
f 82/47/47 86/34/34 55/37/37 22/48/48
f 60/51/51 64/30/30 54/33/33 21/52/52
f 94/121/121 90/125/125 264/126/126 272/122/122
f 19/99/99 53/98/98 64/30/30 60/51/51
f 5/113/113 45/112/112 63/38/38 59/31/31
f 14/40/40 57/39/39 62/83/83 34/93/93
f 2/102/102 58/50/50 61/66/66 23/103/103
f 2/102/102 19/99/99 60/51/51 58/50/50
f 45/112/112 1/81/81 57/39/39 63/38/38
f 53/98/98 5/113/113 59/31/31 64/30/30
f 6/116/116 107/127/127 105/123/123 67/18/18
f 3/96/96 44/95/95 70/17/17 66/89/89
f 3/96/96 66/89/89 69/92/92 30/128/128
f 8/67/67 65/76/76 68/79/79 26/68/68
f 44/95/95 6/116/116 67/18/18 70/17/17
f 11/19/19 51/124/124 78/54/54 73/22/22
f 9/90/90 46/20/20 77/21/21 72/84/84
f 9/90/90 72/84/84 76/87/87 31/91/91
f 7/28/28 71/27/27 75/69/69 25/80/80
f 51/124/124 106/129/129 108/55/55 78/54/54
f 46/20/20 11/19/19 73/22/22 77/21/21
f 21/52/52 54/33/33 86/34/34 82/47/47
f 17/32/32 48/41/41 85/42/42 81/35/35
f 13/44/44 79/43/43 84/94/94 33/88/88
f 15/53/53 80/46/46 83/75/75 27/65/65
f 15/53/53 21/52/52 82/47/47 80/46/46
f 48/41/41 14/40/40 79/43/43 85/42/42
f 54/33/33 17/32/32 81/35/35 86/34/34
f 12/23/23 52/56/56 94/121/121 88/10/10
f 10/85/85 47/24/24 93/9/9 87/117/117
f 10/85/85 87/117/117 92/120/120 32/86/86
f 90/125/125 89/71/71 259/70/70 264/126/126
f 52/56/56 20/29/29 90/125/125 94/121/121
f 47/24/24 12/23/23 88/10/10 93/9/9
f 20/29/29 7/28/28 89/71/71 90/125/125
f 22/48/48 55/37/37 102/14/14 98/13/13
f 18/36/36 49/45/45 101/2/2 96/1/1
f 95/57/57 98/13/13 263/16/16 260/58/58
f 16/49/49 95/57/57 99/60/60 28/74/74
f 16/49/49 22/48/48 98/13/13 95/57/57
f 55/37/37 18/36/36 96/1/1 102/14/14
f 49/45/45 13/44/44 97/6/6 101/2/2
f 105/123/123 106/129/129 51/124/124
f 104/130/130 107/127/127 116/131/131 40/132/130
f 110/133/132 114/134/133 112/135/134 119/109/109 4/77/77 65/76/76
f 109/26/26 113/136/135 8/67/67 71/27/27
f 113/136/135 110/133/132 65/76/76 8/67/67
f 3/96/96 30/128/128 43/137/136 37/138/136
f 116/131/131 107/127/127 6/116/116
f 115/97/97 117/139/137 116/131/131 6/116/116
f 103/110/110 119/109/109 112/135/134 111/140/138
f 19/99/99 2/102/102 122/108/108 41/100/100
f 121/141/139 122/108/108 120/105/105 36/142/139
f 124/106/106 45/112/112 50/115/115 35/143/140
f 222/144/141 147/145/142 130/146/143 221/147/144
f 233/148/145 176/149/146 129/150/147 229/151/148
f 234/152/149 185/153/150 133/154/151 228/155/152
f 225/156/153 176/149/154 133/154/155 220/157/156
f 202/158/157 177/159/158 138/160/159 199/161/160
f 209/162/161 178/163/162 139/164/163 205/165/164
f 206/166/165 148/167/166 134/168/167 203/169/168 241/170/169
f 196/171/170 186/172/171 144/173/172 191/174/173
f 218/175/174 187/176/175 145/177/176 213/178/177
f 195/179/178 179/180/179 141/181/180 189/182/181
f 217/183/182 180/184/183 140/185/184 211/186/185
f 212/187/186 143/188/187 150/189/188 214/190/189
f 190/191/190 142/192/191 149/193/192 192/194/193
f 210/195/194 183/196/195 148/167/166 206/166/165 240/197/196
f 227/198/197 130/146/198 147/145/199 230/199/200
f 226/200/201 185/153/202 147/145/142 222/144/141
f 190/191/190 193/201/203 156/202/204 142/192/191
f 203/169/168 207/203/205 155/204/206 135/205/207
f 227/198/197 231/64/208 153/63/209 130/146/198
f 212/187/186 215/206/210 157/207/211 143/188/187
f 197/208/212 200/209/213 152/210/214 128/211/215
f 221/147/144 223/212/216 154/213/217 134/168/167
f 219/214/218 224/215/219 160/216/220 129/150/221
f 189/182/181 194/217/222 158/218/223 125/219/224
f 204/220/225 208/221/226 162/222/227 137/223/228
f 229/151/148 232/224/229 163/225/230 140/185/184
f 198/226/231 201/227/232 161/228/233 136/229/234
f 211/186/185 216/230/235 164/231/236 141/181/180
f 174/232/237 247/233/238 127/234/239
f 184/235/240 188/236/241 171/237/242 146/238/243
f 126/239/244 252/240/245 172/241/246 151/242/247
f 158/218/223 255/243/248 256/244/249 125/219/224
f 126/239/244 254/245/250 252/240/245
f 128/211/215 235/246/251 251/247/252
f 152/210/214 250/248/253 235/246/251 128/211/215
f 175/249/254 181/250/255 169/251/256 131/252/257
f 125/219/224 256/244/249 175/249/254
f 132/253/258 247/233/238 174/232/237
f 213/178/177 145/177/176 180/184/183 217/183/182
f 191/174/173 144/173/172 179/180/179 195/179/178
f 204/220/225 137/223/228 178/163/162 209/162/161
f 198/226/231 136/229/234 177/159/158 202/158/157
f 219/214/218 129/150/221 176/149/154 225/156/153
f 228/155/152 133/154/151 176/149/146 233/148/145
f 131/252/257 169/251/256 188/236/241 184/235/240
f 220/157/156 133/154/155 185/153/202 226/200/201
f 199/161/160 138/160/159 182/254/259 237/255/260
f 205/165/164 139/164/163 183/196/195 210/195/194
f 214/190/189 150/189/188 187/176/175 218/175/174
f 192/194/193 149/193/192 186/172/171 196/171/170
f 230/199/200 147/145/199 185/153/150 234/152/149
f 146/238/243 192/194/193 196/171/170 184/235/240
f 131/252/257 191/174/173 195/179/178 175/249/254
f 141/181/180 164/231/236 194/217/222 189/182/181
f 126/239/244 151/242/247 193/201/203 190/191/190
f 126/239/244 190/191/190 192/194/193 146/238/243
f 175/249/254 195/179/178 189/182/181 125/219/224
f 184/235/240 196/171/170 191/174/173 131/252/257
f 132/253/258 199/161/160 237/255/260 239/256/261
f 127/234/239 198/226/231 202/158/157 174/232/237
f 127/234/239 159/257/262 201/227/232 198/226/231
f 135/205/207 155/204/206 200/209/213 197/208/212
f 174/232/237 202/158/157 199/161/160 132/253/258
f 138/160/159 205/165/164 210/195/194 182/254/259
f 136/229/234 204/220/225 209/162/161 177/159/158
f 136/229/234 161/228/233 208/221/226 204/220/225
f 134/168/167 154/213/217 207/203/205 203/169/168
f 182/254/259 210/195/194 240/197/196 238/258/263
f 177/159/158 209/162/161 205/165/164 138/160/159
f 149/193/192 214/190/189 218/175/174 186/172/171
f 144/173/172 213/178/177 217/183/182 179/180/179
f 140/185/184 163/225/230 216/230/235 211/186/185
f 142/192/191 156/202/204 215/206/210 212/187/186
f 142/192/191 212/187/186 214/190/189 149/193/192
f 179/180/179 217/183/182 211/186/185 141/181/180
f 186/172/171 218/175/174 213/178/177 144/173/172
f 139/164/163 220/157/156 226/200/201 183/196/195
f 137/223/228 219/214/218 225/156/153 178/163/162
f 137/223/228 162/222/227 224/215/219 219/214/218
f 130/146/143 153/63/264 223/212/216 221/147/144
f 183/196/195 226/200/201 222/144/141 148/167/166
f 178/163/162 225/156/153 220/157/156 139/164/163
f 148/167/166 222/144/141 221/147/144 134/168/167
f 150/189/188 230/199/200 234/152/149 187/176/175
f 145/177/176 228/155/152 233/148/145 180/184/183
f 129/150/147 160/216/265 232/224/229 229/151/148
f 143/188/187 157/207/211 231/64/208 227/198/197
f 143/188/187 227/198/197 230/199/200 150/189/188
f 187/176/175 234/152/149 228/155/152 145/177/176
f 180/184/183 233/148/145 229/151/148 140/185/184
f 237/255/260 182/254/259 238/258/263
f 236/259/266 170/260/266 248/261/267 239/256/261
f 242/262/268 197/208/212 128/211/215 251/247/252 244/263/269 246/264/270
f 241/170/169 203/169/168 135/205/207 245/265/271
f 245/265/271 135/205/207 197/208/212 242/262/268
f 127/234/239 167/266/272 173/267/272 159/257/262
f 248/261/267 132/253/258 239/256/261
f 247/233/238 132/253/258 248/261/267 249/268/273
f 235/246/251 168/269/274 243/270/274 244/263/269 251/247/252
f 146/238/243 171/237/242 254/245/250 126/239/244
f 253/271/275 166/272/275 252/240/245 254/245/250
f 256/244/249 165/273/276 181/250/255 175/249/254
f 68/274/277 24/275/278 152/210/278 200/209/279
f 153/63/63 266/276/280 91/277/281 223/212/282
f 91/277/281 25/278/283 154/213/284 223/212/282
f 75/279/285 26/280/286 155/204/287 207/203/288
f 61/281/289 27/282/290 156/202/291 193/201/292
f 83/283/293 28/284/294 157/207/295 215/206/296
f 62/285/297 29/286/298 158/218/298 194/217/299
f 160/216/300 268/287/301 100/288/302 232/224/303
f 69/289/304 31/290/305 161/228/306 201/227/307
f 76/291/308 32/292/309 162/222/310 208/221/311
f 100/288/302 33/293/312 163/225/313 232/224/303
f 84/294/314 34/295/315 164/231/316 216/230/317
f 121/296/318 36/297/318 166/272/318 253/271/318
f 50/298/319 39/299/320 169/251/320 181/250/321
f 104/300/322 40/301/322 170/260/322 236/259/322
f 56/302/323 41/303/324 171/237/325 188/236/326
f 37/304/327 43/305/327 173/267/327 167/266/327
f 42/306/328 23/307/329 151/242/330 172/241/328
f 124/308/331 35/309/331 165/273/331 256/244/331
f 29/286/298 123/310/332 255/243/332 158/218/298
f 43/305/333 30/311/334 159/257/334 173/267/333
f 24/275/278 118/312/335 250/248/335 152/210/278
f 35/309/336 50/298/319 181/250/321 165/273/336
f 39/299/320 56/302/323 188/236/326 169/251/320
f 23/307/329 61/281/289 193/201/292 151/242/330
f 34/295/315 62/285/297 194/217/299 164/231/316
f 26/280/286 68/274/277 200/209/279 155/204/287
f 30/311/334 69/289/304 201/227/307 159/257/334
f 25/278/283 75/279/285 207/203/288 154/213/284
f 31/290/305 76/291/308 208/221/311 161/228/306
f 109/313/337 74/314/338 206/166/339 241/170/340
f 27/282/290 83/283/293 215/206/296 156/202/291
f 33/293/312 84/294/314 216/230/317 163/225/313
f 92/315/341 267/316/342 160/216/300 224/215/343
f 32/292/309 92/315/341 224/215/343 162/222/310
f 28/284/294 99/61/61 231/64/64 157/207/295
f 103/317/344 38/318/344 168/269/344 235/246/344
f 74/314/338 108/319/345 240/197/346 206/166/339
f 108/319/345 106/320/347 238/258/348 240/197/346
f 105/321/349 107/322/350 239/256/351 237/255/352
f 107/322/350 104/300/353 236/259/353 239/256/351
f 38/318/354 111/323/354 243/270/354 168/269/354
f 114/324/355 110/325/356 242/262/357 246/264/358
f 112/326/359 114/324/355 246/264/358 244/263/359
f 113/327/360 109/313/337 241/170/340 245/265/361
f 110/325/356 113/327/360 245/265/361 242/262/357
f 111/323/362 112/326/362 244/263/362 243/270/362
f 106/320/347 105/321/349 237/255/352 238/258/348
f 40/301/363 116/328/363 248/261/363 170/260/363
f 117/329/364 115/330/364 247/233/364 249/268/364
f 116/328/365 117/329/365 249/268/365 248/261/365
f 118/312/366 103/317/366 235/246/366 250/248/366
f 3/331/367 37/304/367 167/266/367 127/234/367
f 115/330/368 3/331/368 127/234/368 247/233/368
f 36/297/369 120/332/369 252/240/369 166/272/369
f 120/332/370 42/306/370 172/241/370 252/240/370
f 122/333/371 121/296/371 253/271/371 254/245/371
f 41/303/324 122/333/372 254/245/372 171/237/325
f 123/310/373 124/308/373 256/244/373 255/243/373
f 265/62/62 266/276/280 153/63/63
f 267/316/342 268/287/301 160/216/300
f 264/126/374 259/70/375 260/58/375 263/16/374
f 270/12/376 261/11/377 262/4/378 269/3/376
f 272/122/379 264/126/374 263/16/374 271/15/379
f 259/70/375 266/73/380 265/59/380 260/58/375
f 258/5/381 268/8/382 267/119/382 257/118/381
f 257/118/381 270/12/376 269/3/376 258/5/381
f 261/11/377 272/122/379 271/15/379 262/4/378
f 87/117/117 93/9/9 270/12/12 257/118/118
f 111/140/138 38/334/383 103/110/110
o 立方体.003
v -2.379913 -0.000001 0.919744
v -2.414725 0.311043 0.943275
v -2.364118 -0.000001 0.540849
v -2.396851 0.311043 0.514503
v -0.977040 -0.000001 1.017315
v -0.944522 0.351255 1.048798
v -0.957992 -0.000001 0.560376
v -0.922966 0.351255 0.531709
v -2.381397 0.311043 0.896495
v -2.367532 0.311043 0.563894
v -0.973428 0.351255 0.989503
v -0.956707 0.351255 0.588393
v -2.365005 0.252325 0.893341
v -2.351459 0.252325 0.568401
v -0.989467 0.266851 0.984206
v -0.973132 0.266851 0.592336
v -2.376912 0.135244 0.925214
v -2.360672 0.135244 0.535648
v -0.960947 0.135244 0.553807
v -0.980532 0.135244 1.023616
v -1.192346 -0.000001 0.557122
v -1.426701 -0.000001 0.553867
v -1.661055 -0.000001 0.550613
v -1.895409 -0.000001 0.547358
v -2.129764 -0.000001 0.544104
v -2.139415 0.318067 0.517508
v -1.905556 0.324447 0.520238
v -1.659908 0.331149 0.523106
v -1.414261 0.337851 0.525973
v -1.181087 0.344213 0.528695
v -2.146101 -0.000001 0.936006
v -1.912289 -0.000001 0.952268
v -1.678477 -0.000001 0.968529
v -1.444664 -0.000001 0.984791
v -1.210852 -0.000001 1.001053
v -1.189556 0.344553 1.031211
v -1.444609 0.337577 1.012905
v -1.679623 0.331149 0.996037
v -1.916291 0.324676 0.979050
v -2.148755 0.318318 0.962365
v -2.132394 0.317745 0.567977
v -1.897257 0.324447 0.572060
v -1.662119 0.331149 0.576143
v -1.418350 0.338097 0.580376
v -1.181457 0.344849 0.584490
v -1.208089 0.344553 0.974001
v -1.442751 0.337851 0.958500
v -1.677412 0.331149 0.942999
v -1.912074 0.324447 0.927498
v -2.146735 0.317745 0.911996
v -2.121738 0.254746 0.572390
v -1.892017 0.257167 0.576379
v -1.662295 0.259588 0.580368
v -1.429456 0.262098 0.584412
v -1.199100 0.264537 0.588412
v -1.218724 0.264430 0.969062
v -1.447980 0.262009 0.953918
v -1.677236 0.259588 0.938774
v -1.906492 0.257167 0.923630
v -2.135748 0.254746 0.908485
v -1.213262 0.135244 1.007215
v -1.445992 0.135244 0.990815
v -1.678722 0.135244 0.974415
v -1.911452 0.135244 0.958015
v -2.144182 0.135244 0.941615
v -2.127385 0.135244 0.538674
v -1.894097 0.135244 0.541701
v -1.660810 0.135244 0.544727
v -1.427522 0.135244 0.547754
v -1.194235 0.135244 0.550780
v -1.416557 0.418284 0.515583
v -1.172409 0.413084 0.519960
v -1.420640 0.418516 0.569999
v -1.179457 0.413178 0.576011
v -2.149939 0.413579 0.503743
v -1.908052 0.421861 0.506620
v -2.146084 0.415159 0.553892
v -1.913573 0.421786 0.557930
v -1.669172 0.397067 0.513575
v -1.906410 0.368995 0.562643
v -1.671457 0.397592 0.566536
v -1.904138 0.367032 0.511265
v -0.932978 0.351255 0.771888
v -0.964481 0.351255 0.774887
v -0.942114 0.351255 0.991041
v -0.958364 0.414970 0.990131
v -0.915454 0.425374 0.772618
v -0.946957 0.425374 0.775617
v -0.927050 0.414970 0.991669
v -2.384047 0.311882 0.945477
v -2.392747 0.394892 0.911960
v -2.153418 0.414131 0.980467
v -2.147501 0.413665 0.930378
v -2.395398 0.395732 0.960942
v -2.147196 0.377354 0.923050
v -2.151888 0.377180 0.973102
v -1.912525 0.382822 0.938323
v -1.917412 0.380332 0.989206
v -1.444906 0.392634 1.020911
v -1.680078 0.406159 1.006941
v -1.443081 0.392430 0.966435
v -1.677867 0.406159 0.953903
v -2.369829 0.290536 0.784638
v -2.365314 0.290536 0.676325
v -0.972327 0.305062 0.723220
v -0.977772 0.305062 0.853843
v -1.201962 0.302712 0.715449
v -1.208517 0.302677 0.842331
v -1.434553 0.300279 0.707625
v -1.440740 0.300250 0.830793
v -1.668820 0.297799 0.699772
v -1.673800 0.297799 0.819241
v -1.900985 0.295378 0.691957
v -1.905810 0.295378 0.807707
v -2.133149 0.292957 0.684141
v -2.137819 0.292957 0.796173
v -1.037370 0.723533 0.684772
v -1.037370 0.234705 0.684772
v -1.817036 0.723533 0.738825
v -1.817036 0.234705 0.738825
v -1.611707 0.630775 0.853885
v -1.611707 0.256522 0.853885
v -2.267064 0.630775 0.743816
v -2.267064 0.256522 0.743816
v -2.401272 0.089943 0.941675
v -2.383577 0.089943 0.517216
v -0.952759 0.102979 1.045849
v -0.931420 0.102979 0.533962
v -2.414789 0.193026 0.955002
v -2.395938 0.193026 0.502810
v -0.914281 0.228081 0.517924
v -0.937015 0.228081 1.063257
v -1.875540 0.108868 0.982113
v -1.516725 0.107576 1.007020
v -1.517765 0.197653 1.018799
v -1.875352 0.176582 0.992177
v -2.368342 0.092233 0.910794
v -2.354969 0.092233 0.589991
v -0.983033 0.107095 1.001639
v -0.966905 0.107095 0.614758
v -2.381147 0.190773 0.920758
v -2.366900 0.190773 0.578995
v -0.950661 0.226683 0.602774
v -0.967843 0.226683 1.014933
v -1.865627 0.110324 0.945749
v -1.522305 0.109518 0.967580
v -1.523200 0.195625 0.976479
v -1.865363 0.175053 0.953360
v -1.037370 0.560590 0.684772
v -1.037370 0.397648 0.684772
v -1.817036 0.560590 0.738825
v -1.817036 0.397648 0.738825
v -1.611707 0.506024 0.853885
v -1.611707 0.381273 0.853885
v -2.267064 0.381273 0.743816
v -2.267064 0.506024 0.743816
vn -0.9944 -0.0971 -0.0415
vn -0.9777 -0.2061 -0.0408
vn 0.0136 -0.0763 -0.9970
vn 0.0142 -0.1136 -0.9934
vn 0.0137 -0.1050 -0.9944
vn 0.0136 -0.0776 -0.9969
vn 0.9961 -0.0776 0.0415
vn 0.9810 -0.1895 0.0409
vn -0.0694 -0.0773 0.9946
vn -0.0669 -0.1491 0.9866
vn -0.0670 -0.1404 0.9878
vn -0.0693 -0.0795 0.9944
vn -0.0179 0.9998 0.0086
vn -0.0166 0.9998 -0.0118
vn -0.0047 1.0000 -0.0033
vn -0.0127 0.9999 0.0061
vn -0.0168 0.1000 0.9948
vn -0.0187 0.0690 0.9974
vn -0.0186 0.0666 0.9976
vn -0.0286 0.9995 0.0098
vn -0.0195 0.9998 0.0079
vn -0.0190 0.9998 0.0077
vn -0.0285 0.9996 0.0086
vn -0.0280 0.9995 0.0134
vn -0.0000 1.0000 -0.0000
vn -0.0198 0.9864 0.1633
vn -0.0196 0.9868 0.1608
vn -0.0289 0.9444 0.3275
vn -0.0286 0.9462 0.3223
vn -0.0019 0.9494 -0.3139
vn -0.0017 0.9462 -0.3235
vn -0.0061 0.9864 -0.1644
vn -0.0062 0.9872 -0.1594
vn 0.0648 0.0527 -0.9965
vn 0.0648 0.0515 -0.9966
vn 0.0648 0.0530 -0.9965
vn -0.0698 -0.0403 0.9967
vn -0.0698 -0.0396 0.9968
vn 0.9988 0.0238 0.0416
vn 0.0134 -0.0467 -0.9988
vn 0.0134 -0.0474 -0.9988
vn -0.9988 0.0238 -0.0416
vn 0.0134 -0.0396 -0.9991
vn 0.0137 -0.0795 -0.9967
vn 0.0136 -0.0773 -0.9969
vn 0.0134 -0.0403 -0.9991
vn 0.0136 -0.0769 -0.9969
vn 0.0134 -0.0419 -0.9990
vn 0.0136 -0.0767 -0.9970
vn 0.0134 -0.0435 -0.9990
vn 0.0136 -0.0765 -0.9970
vn 0.0134 -0.0451 -0.9989
vn -0.0698 -0.0474 0.9964
vn -0.0694 -0.0775 0.9946
vn -0.0694 -0.0763 0.9947
vn -0.0698 -0.0467 0.9965
vn -0.0694 -0.0765 0.9947
vn -0.0698 -0.0451 0.9965
vn -0.0694 -0.0767 0.9946
vn -0.0698 -0.0435 0.9966
vn -0.0694 -0.0769 0.9946
vn -0.0698 -0.0419 0.9967
vn 0.0612 0.1343 -0.9891
vn 0.0619 0.1259 -0.9901
vn 0.0645 0.0666 -0.9957
vn 0.0644 0.0690 -0.9955
vn 0.0630 0.1034 -0.9926
vn 0.0646 0.0626 -0.9959
vn 0.0635 0.0870 -0.9942
vn 0.0646 0.0590 -0.9962
vn 0.0636 0.0856 -0.9943
vn 0.0647 0.0559 -0.9963
vn -0.0184 0.9898 0.1412
vn -0.0187 0.9893 0.1448
vn -0.0266 0.9576 0.2869
vn -0.0264 0.9588 0.2829
vn -0.0190 0.9886 0.1490
vn -0.0271 0.9551 0.2951
vn -0.0193 0.9880 0.1535
vn -0.0276 0.9524 0.3036
vn -0.0195 0.9872 0.1583
vn -0.0281 0.9494 0.3127
vn -0.0188 0.9998 -0.0095
vn 0.7478 0.6626 0.0412
vn 0.6888 0.7240 0.0366
vn -0.0122 0.9999 -0.0062
vn 0.9954 -0.0691 0.0665
vn -0.0278 0.9996 -0.0039
vn 0.0145 -0.1381 -0.9903
vn 0.0117 -0.1307 -0.9914
vn 0.0086 -0.1504 -0.9886
vn 0.0152 -0.1421 -0.9897
vn 0.9886 0.1449 0.0412
vn -0.0260 0.9995 -0.0185
vn -0.0677 -0.1353 0.9885
vn -0.0652 -0.1814 0.9812
vn -0.0644 -0.1883 0.9800
vn -0.0277 0.9996 -0.0039
vn 0.9994 0.0008 0.0338
vn -0.0284 0.9996 0.0067
vn -0.0183 0.0515 0.9985
vn -0.0194 0.0776 0.9968
vn -0.0184 0.0530 0.9984
vn -0.0194 0.0790 0.9967
vn -0.0184 0.0559 0.9983
vn -0.0219 0.0924 0.9955
vn -0.0185 0.0590 0.9981
vn -0.0203 0.1129 0.9934
vn -0.0186 0.0626 0.9979
vn -0.0691 -0.1050 0.9921
vn -0.0691 -0.1058 0.9920
vn -0.0683 -0.1200 0.9904
vn -0.0683 -0.1210 0.9903
vn 0.0139 -0.1153 -0.9932
vn 0.0168 -0.1278 -0.9917
vn 0.0142 -0.1144 -0.9933
vn 0.0217 0.9998 -0.0008
vn -0.0214 0.1257 0.9918
vn 0.0151 -0.1277 -0.9917
vn -0.9965 -0.0381 -0.0747
vn -0.0312 0.9994 -0.0153
vn -0.0291 0.1642 0.9860
vn -0.0200 0.1424 0.9896
vn 0.0233 -0.1664 -0.9858
vn -0.0143 0.1500 0.9886
vn -0.9882 -0.1084 0.1082
vn 0.0147 -0.0834 -0.9964
vn -0.1234 0.9919 -0.0290
vn 0.9914 0.1084 0.0732
vn -0.0198 0.0862 0.9961
vn 0.9848 -0.1690 0.0411
vn 0.0011 0.9988 0.0480
vn -0.0491 0.0018 0.9988
vn -0.0947 0.0322 -0.9950
vn -0.9759 0.2143 -0.0409
vn -0.9758 0.2151 -0.0386
vn -0.9723 0.2303 -0.0405
vn 0.9723 -0.2303 0.0405
vn -0.0679 -0.1164 0.9909
vn 0.0585 0.1873 -0.9806
vn 0.0588 0.1886 -0.9803
vn -0.0745 0.9970 -0.0196
vn -0.9909 -0.1246 -0.0515
vn -0.0642 -0.1876 0.9801
vn 0.9961 -0.0026 0.0885
vn 0.0596 0.1825 -0.9814
vn 0.9944 0.0038 0.1053
vn 0.0583 0.1980 -0.9785
vn -0.0200 0.9995 0.0245
vn -0.0639 -0.1976 0.9782
vn 0.0579 0.9983 0.0003
vn 0.0611 0.1440 -0.9877
vn -0.9991 -0.0000 -0.0417
vn -0.0669 -0.1439 0.9873
vn -0.0023 0.9524 -0.3048
vn -0.0065 0.9880 -0.1545
vn -0.0026 0.9551 -0.2961
vn -0.0066 0.9887 -0.1499
vn -0.0026 0.9576 -0.2879
vn -0.0065 0.9893 -0.1457
vn -0.0025 0.9588 -0.2840
vn -0.0065 0.9898 -0.1421
vn -0.0015 0.9444 -0.3287
vn -0.0062 0.9868 -0.1618
vn -0.9790 0.1985 -0.0454
vn -0.9785 0.2013 -0.0444
vn -0.9788 0.2012 -0.0372
vn -0.9793 0.1993 -0.0365
vn 0.9635 0.2660 0.0295
vn 0.9616 0.2727 0.0308
vn 0.9497 0.3108 0.0379
vn 0.9608 0.2727 0.0494
vn 0.9496 0.3108 0.0412
vn 0.9626 0.2660 0.0508
vn 0.0692 -0.0000 0.9976
vn -0.1656 -0.0000 0.9862
vn -0.9906 0.1304 -0.0413
vn 0.9913 0.1246 0.0413
vn -0.0129 0.1325 0.9911
vn 0.0691 0.1295 -0.9892
vn 0.0682 0.1333 -0.9887
vn 0.0682 0.1332 -0.9887
vn 0.0695 0.1390 -0.9878
vn 0.0694 0.1390 -0.9879
vn 0.0716 0.1408 -0.9874
vn 0.0487 -0.9988 0.0107
vn 0.0542 -0.9981 0.0298
vn 0.0546 -0.9979 0.0336
vn 0.0473 -0.9988 0.0087
vn 0.0008 -0.9999 -0.0168
vn 0.0290 -0.9995 -0.0160
vn 0.0352 -0.9994 -0.0079
vn -0.0305 -0.9995 -0.0107
vn 0.0009 0.9982 0.0600
vn 0.0541 0.9976 0.0440
vn 0.0680 0.9970 0.0367
vn 0.0007 0.9984 0.0564
vn 0.0067 -0.9992 0.0388
vn 0.0170 -0.9990 0.0405
vn -0.0497 -0.9986 0.0161
vn -0.0517 -0.9986 0.0142
vn 0.0239 0.9992 -0.0306
vn 0.0707 0.9974 -0.0144
vn -0.0215 0.9991 0.0372
vn -0.0167 0.9991 0.0389
vn -0.0256 0.9992 -0.0319
vn -0.0458 0.9988 -0.0194
vn -0.0547 0.9984 0.0147
vn -0.0554 0.9984 0.0140
vt 0.862866 0.097392
vt 0.861634 0.108341
vt 0.836318 0.104107
vt 0.838822 0.093160
vt 0.775107 0.062676
vt 0.766642 0.072194
vt 0.753990 0.062352
vt 0.764143 0.053613
vt 0.967277 0.058250
vt 0.965323 0.076963
vt 0.954930 0.085574
vt 0.944670 0.076373
vt 0.877455 0.097706
vt 0.877881 0.108853
vt 0.863398 0.108294
vt 0.890844 0.131719
vt 0.872288 0.137114
vt 0.871601 0.134011
vt 0.889523 0.129117
vt 0.904604 0.125552
vt 0.889500 0.125361
vt 0.904657 0.121638
vt 0.793471 0.121051
vt 0.780399 0.120792
vt 0.780954 0.116483
vt 0.795570 0.118114
vt 0.903021 0.128752
vt 0.779531 0.118730
vt 0.838506 0.055039
vt 0.824271 0.054539
vt 0.825116 0.047520
vt 0.839201 0.047797
vt 0.852346 0.070122
vt 0.838279 0.069184
vt 0.838211 0.061908
vt 0.852440 0.062637
vt 0.783152 0.111489
vt 0.797542 0.113644
vt 0.877130 0.089451
vt 0.863532 0.088991
vt 0.961816 0.051993
vt 0.940367 0.069147
vt 0.780153 0.056042
vt 0.769168 0.047036
vt 0.840998 0.085106
vt 0.824946 0.088486
vt 0.827681 0.080727
vt 0.811504 0.083808
vt 0.814550 0.076084
vt 0.798510 0.078313
vt 0.802126 0.071017
vt 0.786203 0.071385
vt 0.790771 0.064392
vt 0.931484 0.082467
vt 0.928149 0.074989
vt 0.918370 0.088174
vt 0.915199 0.080527
vt 0.905358 0.093741
vt 0.902923 0.085943
vt 0.891551 0.096766
vt 0.890285 0.088579
vt 0.855536 0.130660
vt 0.855449 0.126758
vt 0.870977 0.130210
vt 0.840080 0.129366
vt 0.840298 0.125254
vt 0.824835 0.127398
vt 0.825781 0.123075
vt 0.809373 0.123125
vt 0.811254 0.118873
vt 0.909635 0.057044
vt 0.895481 0.056793
vt 0.895398 0.048652
vt 0.909454 0.048693
vt 0.881248 0.056457
vt 0.881373 0.048534
vt 0.866964 0.056021
vt 0.867340 0.048333
vt 0.852739 0.055539
vt 0.853280 0.048074
vt 0.983527 0.111033
vt 0.970376 0.117314
vt 0.967400 0.114621
vt 0.980385 0.108640
vt 0.969301 0.121885
vt 0.967445 0.119103
vt 0.951107 0.123699
vt 0.937855 0.125058
vt 0.936091 0.121954
vt 0.951780 0.119718
vt 0.807909 0.094818
vt 0.821792 0.099157
vt 0.820539 0.104941
vt 0.806941 0.097301
vt 0.935373 0.128816
vt 0.934558 0.125788
vt 0.872052 0.137867
vt 0.893068 0.108610
vt 0.892984 0.112110
vt 0.877704 0.112542
vt 0.838302 0.132479
vt 0.825606 0.131268
vt 0.806847 0.125951
vt 0.809720 0.126430
vt 0.808283 0.129289
vt 0.964461 0.110509
vt 0.977366 0.104487
vt 0.949990 0.115332
vt 0.935409 0.117623
vt 0.920588 0.123534
vt 0.920364 0.119419
vt 0.952108 0.087795
vt 0.937984 0.093622
vt 0.923175 0.099398
vt 0.909206 0.105232
vt 0.793032 0.089335
vt 0.778454 0.081253
vt 0.955643 0.126589
vt 0.954959 0.123345
vt 0.775158 0.085056
vt 0.763466 0.075026
vt 0.920250 0.132769
vt 0.906155 0.134164
vt 0.906940 0.131119
vt 0.919440 0.129851
vt 0.920516 0.126459
vt 0.792235 0.093430
vt 0.806154 0.100606
vt 0.922214 0.129818
vt 0.768482 0.107466
vt 0.766606 0.108754
vt 0.753930 0.104618
vt 0.757452 0.103732
vt 0.976830 0.067628
vt 0.777023 0.118241
vt 0.776181 0.120007
vt 0.765395 0.113439
vt 0.767050 0.112335
vt 0.968396 0.080422
vt 0.957620 0.088610
vt 0.868497 0.138658
vt 0.854840 0.134216
vt 0.868564 0.141597
vt 0.854870 0.139583
vt 0.855305 0.136605
vt 0.862524 0.113426
vt 0.841090 0.132922
vt 0.840449 0.135804
vt 0.853270 0.137565
vt 0.877497 0.114855
vt 0.821357 0.134397
vt 0.821918 0.131219
vt 0.924714 0.102350
vt 0.911609 0.109337
vt 0.866434 0.071049
vt 0.866676 0.063352
vt 0.880750 0.071932
vt 0.881051 0.064019
vt 0.894931 0.072703
vt 0.895328 0.064582
vt 0.908806 0.073379
vt 0.909420 0.065044
vt 0.824221 0.068243
vt 0.823983 0.061177
vt 0.758623 0.098858
vt 0.766414 0.103309
vt 0.774830 0.108403
vt 0.883183 0.129429
vt 0.877375 0.131041
vt 0.819128 0.168595
vt 0.756518 0.168102
vt 0.756620 0.155049
vt 0.819231 0.155541
vt 0.888162 0.170153
vt 0.834925 0.169734
vt 0.835004 0.159740
vt 0.888241 0.160159
vt 0.757455 0.020703
vt 0.786857 0.022868
vt 0.786650 0.030460
vt 0.755957 0.028671
vt 0.874518 0.024695
vt 0.895393 0.025721
vt 0.895060 0.032027
vt 0.874108 0.031219
vt 0.983689 0.025509
vt 0.984773 0.033368
vt 0.820699 0.022576
vt 0.820722 0.028282
vt 0.843102 0.023381
vt 0.842797 0.027646
vt 0.821381 0.030828
vt 0.786563 0.033343
vt 0.982505 0.038649
vt 0.894955 0.036396
vt 0.786849 0.020114
vt 0.821250 0.020176
vt 0.842237 0.030066
vt 0.873615 0.033641
vt 0.762424 0.018978
vt 0.842719 0.021082
vt 0.895512 0.021504
vt 0.981562 0.020449
vt 0.874191 0.022369
vt 0.760832 0.031092
vt 0.818923 0.194702
vt 0.756312 0.194210
vt 0.756415 0.181156
vt 0.819025 0.181649
vt 0.888005 0.190141
vt 0.834768 0.189722
vt 0.834846 0.179728
vt 0.888084 0.180147
s 1
f 289/335/384 274/336/385 276/337/385 290/338/384
f 342/339/386 302/340/387 280/341/388 291/342/389
f 291/343/390 355/344/391 357/345/391 292/346/390
f 337/347/392 312/348/393 362/349/394 289/335/395
f 276/350/396 274/351/397 281/352/398 282/353/399
f 313/354/400 282/353/401 286/355/401 323/356/402
f 308/357/403 278/358/404 283/359/405 318/360/406
f 298/361/407 276/350/396 282/353/399 313/354/407
f 278/358/404 357/362/408 283/359/405
f 388/363/409 375/364/410 285/365/411 332/366/412
f 324/367/413 323/368/414 387/369/415 385/370/416
f 318/360/417 283/359/418 287/371/418 328/372/419
f 303/373/420 337/347/392 289/335/395 273/374/421
f 279/375/422 291/343/390 292/346/390 277/376/422
f 293/377/423 342/339/386 291/342/389 279/378/424
f 273/374/425 289/335/384 290/338/384 275/379/425
f 275/379/426 290/338/427 338/380/428 297/381/429
f 297/381/429 338/380/428 339/382/430 296/383/431
f 296/383/431 339/382/430 340/384/432 295/385/433
f 295/385/433 340/384/432 341/386/434 294/387/435
f 294/387/435 341/386/434 342/339/386 293/377/423
f 277/376/436 292/346/437 333/388/438 307/389/439
f 307/389/439 333/388/438 334/390/440 306/391/441
f 306/391/441 334/390/440 335/392/442 305/393/443
f 305/393/443 335/392/442 336/394/444 304/395/445
f 304/395/445 336/394/444 337/347/392 303/373/420
f 281/352/446 322/396/447 332/397/448 285/398/449
f 322/396/447 321/399/450 331/400/451 332/397/448
f 321/399/450 320/401/452 330/402/453 331/400/451
f 320/401/452 319/403/454 329/404/455 330/402/453
f 319/403/454 318/360/417 328/372/419 329/404/455
f 378/405/456 380/406/457 328/407/458 287/408/459
f 380/406/457 382/409/460 329/410/461 328/407/458
f 382/409/460 384/411/462 330/412/463 329/410/461
f 384/411/462 386/413/464 331/414/465 330/412/463
f 386/413/464 388/363/409 332/366/412 331/414/465
f 280/415/466 302/416/467 317/417/468 284/418/469
f 317/417/468 302/416/467 344/419/470 346/420/470
f 301/421/471 300/422/471 315/423/471 316/424/471
f 299/425/472 298/426/473 347/427/474 354/428/475
f 315/423/476 300/422/476 351/429/476 353/430/476
f 274/351/397 362/431/477 281/352/398
f 312/348/393 311/432/478 370/433/479 368/434/480
f 311/435/481 310/436/481 320/401/481 321/399/481
f 309/437/482 319/403/482 373/438/482 371/439/482
f 309/437/483 308/357/403 318/360/406 319/403/483
f 284/418/484 317/417/485 327/440/486 288/441/484
f 317/417/485 316/424/487 326/442/488 327/440/486
f 316/424/487 315/423/489 325/443/490 326/442/488
f 315/423/489 314/444/491 324/445/492 325/443/490
f 314/444/491 313/354/400 323/356/402 324/445/492
f 292/346/437 278/446/493 308/447/494 333/388/438
f 333/388/438 308/447/494 309/448/495 334/390/440
f 334/390/440 309/448/495 310/449/496 335/392/442
f 335/392/442 310/449/496 311/432/478 336/394/444
f 336/394/444 311/432/478 312/348/393 337/347/392
f 290/338/427 276/337/497 298/426/473 338/380/428
f 338/380/428 298/426/473 299/425/472 339/382/430
f 339/382/430 299/425/472 300/450/498 340/384/432
f 340/384/432 300/450/498 301/451/499 341/386/434
f 341/386/434 301/451/499 302/340/387 342/339/386
f 344/419/500 343/452/500 345/453/500 346/420/500
f 316/424/487 317/417/485 346/420/501 345/453/501
f 302/340/387 301/451/499 343/454/502 344/455/502
f 301/421/503 316/424/503 345/453/503 343/452/503
f 348/456/504 347/457/504 349/458/504 350/459/504
f 314/444/491 315/423/489 353/430/505 352/460/506
f 300/450/498 299/425/472 354/428/475 351/461/507
f 313/354/400 314/444/491 352/460/506 349/458/508
f 298/361/509 313/354/509 349/458/509 347/457/509
f 354/428/475 347/427/474 348/462/510
f 354/463/511 352/460/511 353/430/511 351/429/511
f 352/460/512 354/463/512 348/456/512 350/459/512
f 349/458/508 352/460/506 350/459/513
f 356/464/408 355/465/408 280/466/466 284/467/469
f 355/344/391 291/343/390 280/468/514
f 358/469/515 361/470/515 359/471/515 360/472/515
f 283/359/516 357/362/516 361/470/516 358/469/516
f 292/346/390 357/345/391 278/446/514
f 355/465/517 356/464/517 360/472/517 359/471/517
f 356/464/518 283/359/519 358/469/520 360/472/520
f 357/345/391 355/344/391 359/473/521 361/474/521
f 289/335/395 362/349/394 274/336/522
f 322/396/447 281/352/446 363/475/523 367/476/524
f 363/475/525 366/477/525 364/478/525 365/479/525
f 281/352/526 362/431/526 366/477/526 363/475/526
f 362/349/394 312/348/393 368/434/480 366/480/527
f 311/435/528 321/399/528 369/481/528 370/482/528
f 321/399/450 322/396/447 367/476/524 369/481/529
f 367/476/530 365/479/530 364/478/530 368/483/530
f 367/476/524 363/475/523 365/479/531
f 367/476/532 368/483/532 370/482/532 369/481/532
f 366/480/527 368/434/480 364/484/533
f 372/485/534 371/439/534 373/438/534 374/486/534
f 319/403/454 320/401/452 374/486/535 373/438/535
f 320/401/536 310/436/536 372/485/536 374/486/536
f 310/449/496 309/448/495 371/487/537 372/488/537
f 385/370/416 387/369/415 388/363/409 386/413/464
f 325/489/538 324/367/413 385/370/416 383/490/539
f 383/490/539 385/370/416 386/413/464 384/411/462
f 326/491/540 325/489/538 383/490/539 381/492/541
f 381/492/541 383/490/539 384/411/462 382/409/460
f 327/493/542 326/491/540 381/492/541 379/494/543
f 379/494/543 381/492/541 382/409/460 380/406/457
f 288/495/544 327/493/542 379/494/543 377/496/545
f 377/496/545 379/494/543 380/406/457 378/405/456
f 323/368/414 286/497/546 376/498/547 387/369/415
f 387/369/415 376/498/547 375/364/410 388/363/409
f 288/499/548 377/500/549 356/464/518 284/467/548
f 377/500/549 378/501/550 356/464/518
f 283/359/519 356/464/518 378/501/550 287/371/551
f 286/355/552 282/353/553 376/502/554
f 282/353/553 281/352/555 375/503/556 376/502/554
f 285/398/557 375/503/556 281/352/555
f 422/504/558 424/505/558 392/506/558 390/507/558
f 426/508/559 427/509/559 396/510/559 394/511/559
f 400/512/560 399/513/560 404/514/560 403/515/560
f 397/516/561 398/517/561 402/518/561 401/519/561
f 398/517/562 400/520/562 403/521/562 402/518/562
f 399/513/563 406/522/564 407/523/565 404/514/563
f 406/522/564 405/524/566 408/525/567 407/523/565
f 397/516/568 401/519/568 408/525/567 405/524/566
f 404/514/569 407/523/570 419/526/571 416/527/572
f 402/518/573 403/521/574 415/528/575 414/529/576
f 406/522/577 399/513/578 411/530/579 418/531/580
f 407/523/570 408/525/581 420/532/582 419/526/571
f 401/519/583 402/518/573 414/529/576 413/533/584
f 408/525/581 401/519/583 413/533/584 420/532/582
f 399/513/578 400/512/585 412/534/586 411/530/579
f 405/524/587 406/522/577 418/531/580 417/535/588
f 400/520/585 398/517/589 410/536/590 412/537/586
f 398/517/589 397/516/591 409/538/592 410/536/590
f 403/515/574 404/514/569 416/527/572 415/539/575
f 397/516/591 405/524/587 417/535/588 409/538/592
f 389/540/558 391/541/558 423/542/558 421/543/558
f 421/543/558 423/542/558 424/505/558 422/504/558
f 393/544/559 395/545/559 428/546/559 425/547/559
f 425/547/559 428/546/559 427/509/559 426/508/559
o 立方体.004
v 2.265177 3.695913 -0.731242
v 2.232764 3.419558 -0.535671
v 2.920180 3.493208 -0.431761
v 2.232765 3.419558 -0.926807
v 2.920180 3.493207 -1.030716
v 3.523734 3.584907 -0.321840
v 3.523734 3.584905 -1.140636
v 2.127831 2.112964 -0.623046
v 2.108079 1.863513 -0.627596
v 2.108079 1.863513 -0.834882
v 2.127831 2.112964 -0.839432
v 2.148798 2.377773 -1.991652
v 2.168930 2.632019 -1.811554
v 2.168438 2.625811 -1.518364
v 2.150631 2.400916 -1.593528
v 2.146288 2.346066 -1.321065
v 2.160919 2.530855 -1.231067
v 2.135519 2.210059 -1.130272
v 2.146801 2.352541 -1.020765
v 2.148798 2.377773 0.529175
v 2.168930 2.632019 0.349077
v 2.168438 2.625811 0.055887
v 2.150631 2.400916 0.131051
v 2.146288 2.346066 -0.141412
v 2.160919 2.530855 -0.231410
v 2.135519 2.210059 -0.332205
v 2.146801 2.352541 -0.441712
v 2.299127 3.652411 -0.731241
v 2.970310 3.808482 -0.731241
v 2.280469 3.386557 -0.556545
v 2.930598 3.460950 -0.475303
v 2.280469 3.386557 -0.905933
v 2.930598 3.460950 -0.987174
v 3.587941 4.039637 -0.731242
v 3.536571 3.552278 -0.364450
v 3.536571 3.552277 -1.098026
v 2.182844 2.108652 -0.623046
v 2.163089 1.859158 -0.627596
v 2.163089 1.859158 -0.834882
v 2.182844 2.108652 -0.839432
v 2.203808 2.373418 -1.991652
v 2.223939 2.627664 -1.811554
v 2.223447 2.621455 -1.518364
v 2.205640 2.396561 -1.593528
v 2.201297 2.341711 -1.321065
v 2.215929 2.526500 -1.231067
v 2.190528 2.205704 -1.130272
v 2.201810 2.348185 -1.020765
v 2.203808 2.373418 0.529175
v 2.223939 2.627664 0.349077
v 2.223447 2.621455 0.055887
v 2.205640 2.396561 0.131051
v 2.201297 2.341711 -0.141412
v 2.215929 2.526500 -0.231409
v 2.190528 2.205704 -0.332205
v 2.201810 2.348185 -0.441712
v 2.947927 3.865474 -0.731241
v 3.579373 4.083740 -0.772774
v 3.579373 4.083741 -0.689710
v 2.032327 1.672831 -2.318421
v 2.144952 3.686124 -0.731241
v 2.107410 3.015026 -0.046840
v 2.069868 2.343928 0.498481
v 2.069869 2.343928 -1.960963
v 2.107410 3.015026 -1.415643
v 1.980142 0.745133 0.581429
v 1.963288 0.454761 0.537116
v 2.031958 1.654391 -2.323339
v 2.031957 1.654391 0.860872
v 2.044769 1.912483 0.751584
v 2.044770 1.912483 -2.218897
v 2.282272 1.659093 -2.323339
v 2.277042 1.659093 0.860872
v 2.031958 1.654391 -1.261935
v 2.031957 1.665749 -0.215069
v 2.044769 1.864430 -0.241193
v 2.044769 1.873313 -1.221274
v 2.236018 1.659093 -1.261935
v 2.236018 1.669994 -0.215069
v 1.963288 0.454761 0.022794
v 1.979908 0.739581 0.044651
v 1.983381 0.800917 -1.516429
v 1.963288 0.454761 -1.462525
v 1.997383 1.050964 0.644270
v 2.003354 1.156717 -0.052954
v 2.017211 1.403563 -0.470647
v 2.005498 1.194899 -1.445856
v 2.021136 1.473472 -0.990577
v 2.302814 1.870355 0.771538
v 2.242563 1.931272 0.745228
v 2.250115 1.928977 -2.213778
v 2.305716 1.872574 -2.237047
v 2.246730 1.836110 -0.236911
v 2.216095 1.867994 -0.241193
v 2.212747 1.880707 -1.220618
v 2.250278 1.842087 -1.227962
v 1.937308 -0.000001 0.490177
v 1.949326 0.204550 0.511890
v 2.032326 1.672831 0.855939
v 1.937309 -0.000001 -1.952660
v 1.949327 0.204550 -1.974373
v 1.997383 1.050964 -2.106753
v 1.980143 0.745133 -2.043911
v 1.963288 0.454761 -1.999598
v 1.996747 1.530556 -0.810679
v 1.936985 0.369258 -0.790162
v 1.989402 1.510402 -0.700112
v 1.933072 0.369507 -0.720630
v 1.971565 0.976763 -1.571447
v 1.972156 0.988341 0.067380
v 1.975929 1.066256 -1.545372
v 1.975339 1.054678 0.044442
v 1.951527 0.640180 -1.573768
v 1.955614 0.678048 0.122692
v 1.954745 0.708680 -1.587062
v 1.959162 0.752184 0.122692
v 1.963733 1.532220 -0.812559
v 1.903972 0.370923 -0.792041
v 1.956388 1.512067 -0.701992
v 1.900058 0.371171 -0.722509
v 1.938494 0.978365 -1.571447
v 1.939086 0.989942 0.067380
v 1.942859 1.067858 -1.545372
v 1.942269 1.056280 0.044442
v 1.918455 0.641753 -1.573723
v 1.922543 0.679620 0.122737
v 1.921673 0.710253 -1.587017
v 1.926091 0.753757 0.122737
v 2.055468 1.672831 -2.195556
v 2.055468 1.672831 0.730132
v 2.003284 0.745133 0.453829
v 1.986429 0.454761 0.411309
v 2.020524 1.050964 0.518464
v 1.972198 0.195381 0.385598
v 2.011904 0.899843 0.481661
v 1.994856 0.599947 0.429878
v 1.978183 0.307003 0.396410
v 2.046732 1.517364 0.670039
v 2.037996 1.361897 0.613534
v 2.029260 1.206431 0.560617
v 1.986429 0.454761 0.297639
v 1.994856 0.599947 0.316208
v 1.978183 0.307003 0.282740
v 2.020524 1.050964 0.435795
v 2.011904 0.899843 0.413201
v 2.037996 1.361897 0.450972
v 2.029260 1.206431 0.459084
v 1.986429 0.454761 0.260179
v 1.994856 0.599947 0.249039
v 2.003284 0.745133 -1.919252
v 1.986429 0.454761 -1.876733
v 2.020524 1.050964 -1.983888
v 1.972198 0.195381 -1.851022
v 2.011904 0.899843 -1.947085
v 1.994856 0.599947 -1.895301
v 1.978183 0.307003 -1.861833
v 2.046732 1.517364 -2.135463
v 2.037996 1.361897 -2.078957
v 2.029260 1.206431 -2.026040
v 1.986429 0.454761 -1.763062
v 2.011904 0.899843 -1.881173
v 1.978183 0.307003 -1.779842
v 2.020524 1.050964 -1.901218
v 2.037996 1.361897 -1.958053
v 2.046732 1.517364 -1.949457
v 2.011904 0.899843 -1.795180
v 2.003284 0.745133 -1.809596
v 1.972143 -0.000001 0.470952
v 2.055468 1.672831 0.846632
v 2.003284 0.745133 0.571020
v 1.989489 0.454761 0.525650
v 2.020524 1.050964 0.635377
v 2.055468 1.672831 -2.312056
v 1.976837 -0.000001 -1.931803
v 2.011904 0.899843 0.598723
v 1.996298 0.599947 0.545741
v 1.983308 0.307003 0.508757
v 2.046732 1.517364 0.786573
v 2.037996 1.361897 0.730159
v 2.029260 1.206431 0.677378
v 2.011904 0.899843 -2.064146
v 1.994856 0.599947 -2.012597
v 2.029260 1.206431 -2.142802
v 2.022411 1.674688 -2.195556
v 2.022411 1.674688 0.730132
v 1.970222 0.746908 0.453942
v 1.987468 1.052841 0.518464
v 1.939111 0.195856 0.386702
v 1.978848 0.901713 0.481661
v 1.961795 0.601704 0.430182
v 1.945124 0.308489 0.397455
v 2.013675 1.519221 0.670039
v 2.004939 1.363755 0.613534
v 1.996203 1.208288 0.560617
v 1.953374 0.456654 0.297639
v 1.961803 0.601865 0.316208
v 1.945125 0.308848 0.282740
v 1.987469 1.052849 0.435795
v 1.978849 0.901728 0.413201
v 2.004939 1.363755 0.450972
v 1.996203 1.208288 0.459084
v 1.953376 0.456679 0.260180
v 1.961803 0.601865 0.249039
v 1.970227 0.747002 -1.919252
v 1.953360 0.456280 -1.877334
v 1.987468 1.052841 -1.983888
v 1.939131 0.195668 -1.852660
v 1.961794 0.601701 -1.895478
v 1.945127 0.308269 -1.863234
v 2.013675 1.519221 -2.135463
v 2.004939 1.363755 -2.078957
v 1.996203 1.208288 -2.026040
v 1.953372 0.456606 -1.763062
v 1.978847 0.901698 -1.881173
v 1.945125 0.308848 -1.779842
v 1.987469 1.052849 -1.901218
v 2.004939 1.363755 -1.958053
v 2.013675 1.519221 -1.949457
v 1.978846 0.901685 -1.795180
v 1.970226 0.746975 -1.809596
v 2.020524 1.050964 -2.100801
v 2.003284 0.745133 -2.036443
v 1.988702 0.454761 -1.991854
v 1.985254 0.307003 -1.972255
v 2.046732 1.517364 -2.251996
v 2.037996 1.361897 -2.195583
v 1.134546 -0.000001 1.194595
v -0.772544 -0.000001 0.339138
v -1.122005 1.328407 0.381756
v 1.106446 -0.000001 0.339138
v 1.455908 1.328407 0.381756
v 1.201020 1.961584 1.313509
v -0.867118 1.961584 1.313509
v 1.249350 0.774748 1.241835
v 1.184099 0.464671 1.223008
v 1.217916 0.734779 0.362758
v 1.154560 0.440632 0.353344
v -0.884013 0.734779 0.362757
v -0.820657 0.440632 0.353344
v 1.330742 1.079068 1.260313
v 1.296944 1.023465 0.371997
v -0.963041 1.023465 0.371997
v -0.976758 1.656857 0.381756
v 1.310661 1.656857 0.381756
v 1.494460 1.400524 1.279832
v -0.996839 1.079068 1.260313
v -1.160558 1.400524 1.279832
v -0.800644 -0.000001 1.194595
v -0.850197 0.464671 1.223008
v -0.915448 0.774748 1.241835
v -0.805337 0.004267 0.420250
v 1.145127 -0.000001 0.487612
v -0.825711 0.195381 0.430677
v -1.189531 1.410558 1.165357
v -0.875040 0.465020 1.110514
v -0.936125 0.773647 1.130064
v -1.027553 1.079880 1.146898
v -0.852850 0.305960 1.101059
v -0.903504 0.617092 1.118728
v -0.978122 0.926174 1.137587
v -1.102880 1.245891 1.156821
v -0.845066 0.195381 1.095149
v -0.875040 0.465020 0.999869
v -0.852850 0.305960 1.016003
v -0.936125 0.773647 1.063113
v -0.903504 0.617092 1.058188
v -0.978122 0.926174 1.070637
v -0.936125 0.773647 0.996685
v -0.978122 0.926174 1.020693
v 1.160653 0.195381 0.512902
v 1.522078 1.410558 1.165357
v 1.207586 0.465020 1.110514
v 1.268671 0.773647 1.130064
v 1.360100 1.079880 1.146898
v 1.185397 0.305960 1.101059
v 1.236051 0.617092 1.118728
v 1.310669 0.926174 1.137587
v 1.435427 1.245891 1.156821
v 1.177613 0.195381 1.095149
v 1.207586 0.465020 0.999869
v 1.185397 0.305960 1.016003
v 1.268671 0.773647 1.063113
v 1.236051 0.617092 1.058188
v 1.310669 0.926174 1.070637
v 1.268671 0.773647 0.996685
v 1.310669 0.926174 1.020693
v -0.840332 -0.000001 1.176731
v -1.189531 1.410558 1.272935
v -0.878228 0.465020 1.214989
v -0.936125 0.773647 1.235146
v -1.027553 1.079880 1.254474
v 1.171539 -0.000001 1.178105
v -0.858223 0.305905 1.203375
v -0.905120 0.617092 1.225984
v -0.978122 0.926174 1.245162
v -1.102880 1.245891 1.264398
v 1.190485 0.305908 1.203653
v 1.236051 0.617092 1.227546
v 1.310669 0.926174 1.245162
v 1.435427 1.245891 1.264398
v -0.792712 0.197758 0.431947
v -1.160231 1.425977 1.165357
v -0.842302 0.469910 1.111231
v -0.996643 1.091745 1.146898
v -0.819953 0.309514 1.102208
v -0.871022 0.623494 1.119057
v -0.946325 0.935403 1.137587
v -1.073129 1.260419 1.156821
v -0.812069 0.197465 1.096900
v -0.842248 0.469594 0.999869
v -0.820059 0.310534 1.016003
v -0.904023 0.781753 1.063113
v -0.871092 0.623846 1.058188
v -0.946201 0.934964 1.070637
v -0.904204 0.782436 0.996685
v -0.946201 0.934964 1.020693
v 1.127623 0.197372 0.514028
v 1.492778 1.425977 1.165357
v 1.174840 0.469874 1.111089
v 1.329190 1.091745 1.146898
v 1.152500 0.309548 1.102104
v 1.203571 0.623513 1.118872
v 1.278872 0.935403 1.137587
v 1.405676 1.260419 1.156821
v 1.144601 0.197362 1.096724
v 1.174795 0.469594 0.999869
v 1.152606 0.310534 1.016003
v 1.236570 0.781753 1.063113
v 1.203638 0.623846 1.058188
v 1.278748 0.934964 1.070637
v 1.236750 0.782436 0.996685
v 1.278748 0.934964 1.020693
v 1.210369 0.465020 1.215383
v 1.522078 1.410558 1.272935
v 1.360100 1.079880 1.254474
v 1.268671 0.773647 1.235146
vn -0.1668 0.6079 0.7763
vn -0.2046 0.6067 0.7682
vn -0.2123 0.6063 0.7664
vn -0.2447 0.6043 0.7583
vn 0.9775 0.0471 -0.2057
vn 0.9863 0.1010 -0.1306
vn 0.9958 0.0920 -0.0000
vn -0.1668 0.6079 -0.7763
vn -0.2123 0.6063 -0.7664
vn -0.2046 0.6067 -0.7682
vn -0.9932 0.1165 -0.0000
vn -0.9955 0.0942 -0.0000
vn -0.9969 0.0793 -0.0000
vn -0.9969 0.0789 -0.0000
vn 0.1501 -0.5776 0.8024
vn 0.1863 -0.5877 0.7874
vn 0.1966 -0.5904 0.7828
vn 0.1501 -0.5776 -0.8024
vn 0.1966 -0.5904 -0.7828
vn 0.1863 -0.5877 -0.7873
vn 0.2272 -0.5981 -0.7686
vn 0.2272 -0.5980 0.7686
vn 0.9975 -0.0700 -0.0000
vn 0.9973 -0.0737 -0.0000
vn 0.9969 -0.0781 -0.0000
vn 0.9969 -0.0789 -0.0000
vn -0.0039 -0.7563 0.6542
vn -0.0187 -0.7107 0.7032
vn -0.0042 -0.7555 0.6551
vn -0.0187 -0.7108 -0.7032
vn -0.0039 -0.7563 -0.6542
vn -0.0042 -0.7555 -0.6551
vn 0.9863 0.1010 0.1306
vn 0.9775 0.0471 0.2057
vn 0.0105 -0.7974 0.6034
vn 0.0105 -0.7974 -0.6034
vn 0.1734 -0.0721 -0.9822
vn 0.1734 -0.0721 0.9822
vn 0.0789 0.9967 0.0212
vn 0.0778 0.9824 0.1699
vn -0.0511 -0.6455 -0.7620
vn -0.0581 -0.7337 -0.6770
vn 0.0688 0.8688 0.4903
vn -0.0787 -0.9944 -0.0704
vn -0.0788 -0.9952 0.0582
vn -0.0724 -0.9143 -0.3986
vn 0.0540 0.6840 0.7274
vn 0.0473 0.6005 0.7982
vn 0.0778 0.9824 -0.1699
vn 0.0789 0.9967 -0.0212
vn 0.0688 0.8688 -0.4903
vn -0.0788 -0.9952 -0.0582
vn -0.0787 -0.9944 0.0704
vn -0.0724 -0.9143 0.3986
vn 0.0540 0.6840 -0.7274
vn -0.0581 -0.7337 0.6770
vn -0.0511 -0.6455 0.7620
vn 0.0473 0.6005 -0.7982
vn -0.3267 0.9451 -0.0000
vn -0.2447 0.6043 -0.7583
vn 0.9984 -0.0561 -0.0001
vn 0.9984 -0.0561 -0.0000
vn 0.9984 -0.0559 -0.0000
vn 0.9983 -0.0578 0.0008
vn 0.9983 -0.0574 0.0008
vn 0.9984 -0.0573 0.0001
vn 0.9984 -0.0569 -0.0000
vn 0.9983 -0.0579 -0.0000
vn -0.0645 0.9970 0.0426
vn -0.0484 0.9985 0.0269
vn -0.0485 0.9985 0.0270
vn 0.9955 -0.0919 -0.0235
vn 0.9958 -0.0890 -0.0199
vn 0.9930 -0.1093 -0.0450
vn -0.0468 0.9987 -0.0221
vn -0.0613 0.9966 -0.0552
vn -0.0470 0.9986 -0.0224
vn 0.9954 -0.0923 0.0272
vn 0.9930 -0.1087 0.0472
vn 0.9959 -0.0882 0.0222
vn 0.0213 -0.9998 0.0055
vn 0.0207 -0.9998 0.0005
vn 0.0209 -0.9998 -0.0000
vn 0.0209 -0.9998 -0.0002
vn 0.9983 -0.0578 -0.0008
vn 0.9984 -0.0573 -0.0001
vn 0.9983 -0.0574 -0.0009
vn 0.9983 -0.0581 0.0001
vn 0.9984 -0.0570 -0.0000
vn 0.9984 -0.0562 -0.0001
vn 0.9984 -0.0562 0.0001
vn -0.0071 0.3754 -0.9268
vn 0.0199 -0.9997 -0.0107
vn 0.7212 0.6918 0.0361
vn 0.7226 0.6887 0.0606
vn 0.7209 0.6923 0.0315
vn 0.7234 0.6875 -0.0635
vn 0.7218 0.6914 -0.0308
vn 0.7216 0.6919 -0.0265
vn -0.0075 0.3902 0.9207
vn 0.9971 -0.0503 0.0568
vn 0.9988 -0.0484 -0.0000
vn 0.9989 -0.0475 -0.0014
vn -0.9971 0.0503 -0.0568
vn -0.9988 0.0484 -0.0000
vn -0.9989 0.0475 0.0014
vn 0.0558 -0.0205 -0.9982
vn -0.0576 -0.0151 0.9982
vn -0.0504 -0.9987 0.0007
vn 0.0392 0.9826 0.1817
vn -0.0484 -0.9988 0.0071
vn 0.0484 0.9988 0.0073
vn 0.0158 0.3261 0.9452
vn 0.0135 0.2791 -0.9602
vn -0.0475 -0.9986 0.0224
vn 0.0475 0.9985 -0.0255
vn 0.0014 -0.0001 1.0000
vn -0.0104 -0.1900 -0.9817
vn 0.9984 -0.0564 -0.0000
vn 0.9984 -0.0565 -0.0000
vn 0.9984 -0.0567 -0.0000
vn 0.9981 -0.0398 -0.0467
vn 0.9985 -0.0449 -0.0316
vn 0.9985 -0.0521 -0.0141
vn 0.9985 -0.0475 -0.0271
vn 0.9986 -0.0510 -0.0122
vn 0.9985 -0.0531 -0.0092
vn 0.9986 -0.0520 -0.0062
vn 0.9985 -0.0556 -0.0000
vn 0.9984 -0.0563 -0.0000
vn 0.9984 -0.0557 -0.0000
vn 0.9984 -0.0572 -0.0000
vn 0.9993 -0.0144 -0.0333
vn 0.9998 -0.0027 -0.0180
vn 0.9996 0.0008 0.0270
vn 0.9987 -0.0087 0.0495
vn 0.9984 -0.0560 -0.0000
vn 0.9988 -0.0424 0.0242
vn 0.9985 -0.0538 0.0044
vn 0.9986 -0.0530 0.0053
vn 0.9988 -0.0459 0.0182
vn 0.9977 -0.0297 0.0615
vn 0.9984 -0.0382 0.0423
vn 0.0147 0.2609 0.9653
vn 0.0164 0.2912 0.9565
vn -0.0055 0.1256 0.9921
vn 0.0004 0.1438 0.9896
vn 0.0004 0.1437 0.9896
vn 0.0080 0.1762 -0.9843
vn 0.0147 0.2609 -0.9653
vn -0.0294 0.0972 -0.9948
vn 0.0024 0.1620 -0.9868
vn 0.0202 0.3595 -0.9329
vn 0.0197 0.3500 -0.9365
vn 0.0191 0.3406 -0.9400
vn 0.0057 0.1000 -0.9950
vn -0.0503 -0.9987 -0.0016
vn 0.0555 0.9985 0.0007
vn 0.0084 0.1474 -0.9890
vn -0.0567 -0.9984 -0.0001
vn 0.0568 0.9984 0.0001
vn -0.0029 -0.0519 -0.9986
vn -0.0561 -0.9984 -0.0000
vn 0.0561 0.9984 -0.0000
vn -0.0044 -0.0763 -0.9971
vn -0.0576 -0.9983 -0.0003
vn 0.0579 0.9983 -0.0000
vn 0.0115 0.9999 -0.0000
vn -0.0434 0.0972 0.9943
vn 0.0062 0.1618 0.9868
vn 0.0202 0.3595 0.9329
vn 0.0181 0.3213 0.9468
vn -0.0063 -0.1125 0.9936
vn -0.0471 -0.9989 0.0035
vn 0.0508 0.9987 -0.0014
vn 0.0568 0.9984 -0.0001
vn -0.0031 -0.0550 0.9985
vn 0.0558 0.9984 0.0001
vn -0.0052 -0.0925 0.9957
vn -0.0560 -0.9984 -0.0001
vn 0.0074 0.1311 0.9913
vn 0.9349 -0.3546 -0.0131
vn 0.8890 -0.4578 -0.0033
vn 0.9293 -0.3691 -0.0117
vn -0.9293 -0.3691 -0.0117
vn -0.8890 -0.4578 -0.0033
vn -0.9349 -0.3546 -0.0131
vn -0.9939 -0.1057 -0.0317
vn -0.9868 -0.1595 -0.0290
vn -0.9876 -0.1545 -0.0293
vn -0.9780 -0.2069 -0.0265
vn 0.9939 -0.1057 -0.0317
vn 0.9876 -0.1545 -0.0293
vn 0.9868 -0.1595 -0.0290
vn 0.9780 -0.2069 -0.0265
vn -0.9653 -0.2601 -0.0216
vn 0.9653 -0.2601 -0.0216
vn 0.8946 0.4433 -0.0565
vn -0.8946 0.4433 -0.0565
vn -0.9942 -0.0946 -0.0517
vn -0.9875 -0.1544 -0.0312
vn -0.9888 -0.1477 -0.0217
vn -0.9936 -0.1074 -0.0347
vn -0.9967 -0.0673 -0.0457
vn -0.9966 -0.0629 -0.0529
vn -0.9819 -0.1886 -0.0146
vn -0.9811 -0.1933 -0.0100
vn -0.9641 -0.2655 -0.0000
vn -0.9580 -0.2867 -0.0000
vn -0.9604 -0.2787 -0.0000
vn -0.9321 -0.3622 -0.0000
vn -0.8978 -0.4405 -0.0000
vn -0.8986 -0.4388 -0.0000
vn -0.9336 -0.3584 -0.0000
vn 0.9943 -0.0959 -0.0471
vn 0.9936 -0.1084 -0.0316
vn 0.9890 -0.1466 -0.0174
vn 0.9880 -0.1527 -0.0246
vn -0.9800 -0.1987 -0.0075
vn -0.9795 -0.2012 -0.0039
vn 0.9580 -0.2867 -0.0000
vn 0.9604 -0.2787 -0.0000
vn 0.9336 -0.3584 -0.0000
vn 0.9321 -0.3622 -0.0000
vn -0.8850 -0.4657 -0.0000
vn -0.9904 -0.1382 -0.0000
vn -0.9790 -0.2040 -0.0000
vn 0.9974 -0.0600 -0.0409
vn 0.9971 -0.0599 -0.0476
vn 0.9810 -0.1939 -0.0044
vn 0.9818 -0.1898 -0.0062
vn 0.9641 -0.2655 -0.0000
vn 0.8986 -0.4388 -0.0000
vn 0.8978 -0.4405 -0.0000
vn 0.9790 -0.2040 -0.0000
vn 0.8850 -0.4657 -0.0000
vn 0.9976 -0.0602 -0.0340
vn 0.9904 -0.1382 -0.0000
vn -0.9967 -0.0718 -0.0383
vn -0.0211 0.0451 -0.9988
vn -0.0207 0.0408 -0.9990
vn -0.0182 0.0541 -0.9984
vn -0.0199 0.0518 -0.9985
vn 0.0067 0.0537 -0.9985
vn -0.0674 0.9977 -0.0017
vn -0.0198 0.7284 -0.6849
vn -0.0189 0.7204 -0.6933
vn 0.0394 0.0530 -0.9978
vn 0.0138 -0.0990 -0.9950
vn -0.1429 0.9897 -0.0014
vn 0.1229 -0.9924 -0.0060
vn -0.0069 0.0299 -0.9995
vn -0.2688 0.9632 -0.0017
vn -0.2721 0.9623 -0.0034
vn 0.1987 -0.9801 -0.0030
vn -0.0398 0.1447 -0.9887
vn -0.2655 0.9641 -0.0000
vn 0.2552 -0.9669 -0.0053
vn 0.0207 0.0408 -0.9990
vn 0.0211 0.0451 -0.9988
vn 0.0199 0.0518 -0.9985
vn 0.0182 0.0541 -0.9984
vn -0.0019 0.0526 -0.9986
vn 0.0600 0.9982 -0.0017
vn -0.0352 0.0531 -0.9980
vn -0.0138 -0.0990 -0.9950
vn 0.1424 0.9898 -0.0013
vn -0.1234 -0.9923 -0.0058
vn 0.0069 0.0299 -0.9995
vn 0.2721 0.9623 -0.0034
vn 0.2688 0.9632 -0.0017
vn -0.1990 -0.9800 -0.0028
vn 0.0398 0.1447 -0.9887
vn 0.2655 0.9641 -0.0000
vn -0.2552 -0.9669 -0.0053
vt 0.092741 0.117784
vt 0.104646 0.106190
vt 0.119944 0.145102
vt 0.092376 0.149899
vt 0.092338 0.153064
vt 0.125697 0.179631
vt 0.093488 0.190160
vt 0.058292 0.178748
vt 0.090194 0.190117
vt 0.091779 0.194529
vt 0.055241 0.180344
vt 0.081098 0.105914
vt 0.064930 0.144439
vt 0.087351 0.032020
vt 0.089896 0.019293
vt 0.098417 0.018391
vt 0.100607 0.032202
vt 0.037732 0.018884
vt 0.038264 0.031946
vt 0.023033 0.029531
vt 0.015539 0.014281
vt 0.054312 0.021573
vt 0.053775 0.033203
vt 0.068709 0.022821
vt 0.067803 0.031287
vt 0.149955 0.019711
vt 0.171901 0.014258
vt 0.164985 0.029818
vt 0.149772 0.032798
vt 0.133590 0.022665
vt 0.134158 0.034273
vt 0.119248 0.023674
vt 0.120055 0.032256
vt 0.101879 0.294080
vt 0.114925 0.332437
vt 0.090578 0.340528
vt 0.090756 0.305004
vt 0.066288 0.332227
vt 0.079793 0.293867
vt 0.090448 0.377411
vt 0.058709 0.365613
vt 0.122268 0.365850
vt 0.098347 0.222918
vt 0.085807 0.222599
vt 0.087535 0.208729
vt 0.097055 0.209571
vt 0.144365 0.214666
vt 0.166143 0.207900
vt 0.159766 0.223875
vt 0.145053 0.227757
vt 0.127993 0.219464
vt 0.129897 0.231054
vt 0.114854 0.221193
vt 0.115014 0.230877
vt 0.039884 0.214824
vt 0.039148 0.227924
vt 0.024431 0.223928
vt 0.018177 0.207900
vt 0.056164 0.219579
vt 0.054388 0.231162
vt 0.069283 0.220995
vt 0.069338 0.230715
vt 0.107671 0.105435
vt 0.122893 0.144274
vt 0.062003 0.143541
vt 0.078095 0.105074
vt 0.128704 0.181309
vt 0.084227 0.033999
vt 0.103667 0.034197
vt 0.037931 0.034981
vt 0.022607 0.032580
vt 0.068271 0.019776
vt 0.089387 0.016275
vt 0.053746 0.036256
vt 0.016053 0.011277
vt 0.038258 0.015856
vt 0.054726 0.018526
vt 0.068093 0.034382
vt 0.165522 0.032847
vt 0.150183 0.035823
vt 0.134190 0.037329
vt 0.149330 0.016701
vt 0.171254 0.011277
vt 0.133174 0.019617
vt 0.119712 0.035338
vt 0.119850 0.020649
vt 0.099147 0.015427
vt 0.602637 0.438827
vt 0.615279 0.476324
vt 0.535530 0.464193
vt 0.562907 0.447450
vt 0.424562 0.476008
vt 0.593704 0.516687
vt 0.445945 0.516407
vt 0.593213 0.375506
vt 0.594607 0.387761
vt 0.563916 0.402905
vt 0.596205 0.402828
vt 0.598860 0.420364
vt 0.567170 0.423729
vt 0.560825 0.557020
vt 0.478597 0.556837
vt 0.519583 0.597310
vt 0.415000 0.087820
vt 0.470497 0.091630
vt 0.470078 0.100993
vt 0.414442 0.099250
vt 0.526053 0.114468
vt 0.525184 0.105164
vt 0.581757 0.106466
vt 0.585763 0.118605
vt 0.524896 0.093150
vt 0.580111 0.090680
vt 0.580314 0.101702
vt 0.524981 0.102694
vt 0.467776 0.114204
vt 0.408817 0.115738
vt 0.413023 0.103617
vt 0.469605 0.103980
vt 0.468151 0.125597
vt 0.409792 0.129590
vt 0.525395 0.125814
vt 0.446647 0.375506
vt 0.474686 0.402863
vt 0.445317 0.387779
vt 0.473348 0.419989
vt 0.441102 0.420267
vt 0.443781 0.402810
vt 0.479208 0.445070
vt 0.437309 0.438653
vt 0.504294 0.459942
vt 0.395265 0.113272
vt 0.399166 0.098209
vt 0.410673 0.099645
vt 0.584308 0.132106
vt 0.599096 0.116511
vt 0.584401 0.102208
vt 0.595539 0.101266
vt 0.612953 0.290824
vt 0.611521 0.296944
vt 0.547898 0.292872
vt 0.548073 0.288991
vt 0.535166 0.326324
vt 0.536423 0.321282
vt 0.625104 0.319051
vt 0.626454 0.322721
vt 0.533176 0.351213
vt 0.532459 0.347378
vt 0.627895 0.346317
vt 0.627813 0.350458
vt 0.613007 0.288977
vt 0.548124 0.287144
vt 0.548198 0.283258
vt 0.611888 0.282789
vt 0.534835 0.314464
vt 0.626262 0.313476
vt 0.625055 0.317204
vt 0.536377 0.319435
vt 0.533046 0.341680
vt 0.627721 0.340331
vt 0.627874 0.344470
vt 0.532440 0.345530
vt 0.611397 0.298787
vt 0.547782 0.294716
vt 0.546253 0.287055
vt 0.546379 0.283151
vt 0.613683 0.282424
vt 0.614828 0.288588
vt 0.534818 0.312617
vt 0.626234 0.311629
vt 0.626935 0.318541
vt 0.628178 0.322204
vt 0.533377 0.325947
vt 0.534601 0.320875
vt 0.533026 0.339832
vt 0.627690 0.338485
vt 0.629761 0.346396
vt 0.629639 0.350551
vt 0.531408 0.351613
vt 0.530629 0.347829
vt 0.918759 0.213142
vt 0.915236 0.207210
vt 0.925067 0.205079
vt 0.928021 0.210781
vt 0.885244 0.226377
vt 0.880312 0.221388
vt 0.889354 0.216924
vt 0.893297 0.222198
vt 0.691892 0.218434
vt 0.682732 0.220439
vt 0.683293 0.214171
vt 0.692246 0.211972
vt 0.901454 0.218474
vt 0.898123 0.213066
vt 0.906784 0.210702
vt 0.910003 0.216112
vt 0.710075 0.215868
vt 0.700817 0.216805
vt 0.701645 0.210383
vt 0.711733 0.209079
vt 0.665660 0.228173
vt 0.656990 0.232396
vt 0.656923 0.226631
vt 0.664740 0.221739
vt 0.673951 0.223226
vt 0.673543 0.215735
vt 0.937323 0.208655
vt 0.934569 0.202186
vt 0.945156 0.203144
vt 0.947095 0.209275
vt 0.878935 0.214765
vt 0.886101 0.211118
vt 0.894257 0.208453
vt 0.915361 0.203003
vt 0.922346 0.201597
vt 0.935790 0.195653
vt 0.943002 0.195241
vt 0.886029 0.208633
vt 0.892379 0.205744
vt 0.956460 0.209682
vt 0.954373 0.203766
vt 0.963209 0.203766
vt 0.965929 0.209176
vt 0.871138 0.227697
vt 0.874562 0.236707
vt 0.745231 0.235567
vt 0.748680 0.226589
vt 0.710352 0.202856
vt 0.701604 0.206649
vt 0.702814 0.201945
vt 0.727319 0.219020
vt 0.718606 0.216924
vt 0.721080 0.211181
vt 0.730542 0.213612
vt 0.736124 0.222754
vt 0.740684 0.218355
vt 0.735016 0.209068
vt 0.741455 0.213735
vt 0.693711 0.207813
vt 0.662333 0.212805
vt 0.668826 0.209548
vt 0.682988 0.212348
vt 0.690953 0.210390
vt 0.721469 0.209441
vt 0.730018 0.211588
vt 0.906205 0.209043
vt 0.913733 0.205801
vt 0.925608 0.203131
vt 0.933237 0.200563
vt 0.871355 0.225434
vt 0.878227 0.220605
vt 0.898785 0.211029
vt 0.954521 0.202030
vt 0.963904 0.202010
vt 0.946518 0.201473
vt 0.877224 0.213750
vt 0.884581 0.209650
vt 0.895386 0.207137
vt 0.914100 0.201378
vt 0.922836 0.199819
vt 0.934721 0.193751
vt 0.944293 0.193813
vt 0.884797 0.207279
vt 0.892706 0.203717
vt 0.748505 0.224312
vt 0.742719 0.217769
vt 0.713256 0.207566
vt 0.655486 0.225472
vt 0.662726 0.221064
vt 0.674334 0.213677
vt 0.734918 0.206999
vt 0.743109 0.212807
vt 0.692767 0.206259
vt 0.668736 0.207425
vt 0.660485 0.212232
vt 0.700348 0.204922
vt 0.701848 0.200110
vt 0.711388 0.201301
vt 0.631212 0.852435
vt 0.637039 0.866732
vt 0.594655 0.888648
vt 0.585542 0.869619
vt 0.455655 0.870179
vt 0.446875 0.889209
vt 0.404038 0.868118
vt 0.409610 0.853619
vt 0.456073 0.807481
vt 0.460063 0.833253
vt 0.410906 0.825950
vt 0.409516 0.802757
vt 0.459568 0.851775
vt 0.411403 0.840151
vt 0.631272 0.801763
vt 0.629872 0.824907
vt 0.580786 0.832481
vt 0.584720 0.806659
vt 0.629369 0.839056
vt 0.581380 0.851097
vt 0.647821 0.881517
vt 0.614029 0.919701
vt 0.393634 0.883229
vt 0.428349 0.920716
vt 0.808952 0.336255
vt 0.799232 0.337211
vt 0.799120 0.331044
vt 0.809672 0.330065
vt 0.823137 0.337345
vt 0.817556 0.328145
vt 0.789951 0.337884
vt 0.790144 0.331936
vt 0.780466 0.338226
vt 0.770938 0.338446
vt 0.771220 0.332496
vt 0.780702 0.332135
vt 0.761534 0.338302
vt 0.751667 0.336446
vt 0.753047 0.330521
vt 0.762461 0.332511
vt 0.725236 0.286503
vt 0.724591 0.280378
vt 0.735098 0.281500
vt 0.734923 0.287684
vt 0.763163 0.288974
vt 0.762772 0.282865
vt 0.771536 0.282865
vt 0.772647 0.288577
vt 0.741674 0.333518
vt 0.743415 0.328411
vt 0.800796 0.324551
vt 0.808173 0.325730
vt 0.772050 0.328855
vt 0.780815 0.328112
vt 0.788978 0.328575
vt 0.772286 0.326374
vt 0.779274 0.324402
vt 0.710917 0.287661
vt 0.716827 0.278608
vt 0.744006 0.282527
vt 0.744207 0.288538
vt 0.753708 0.288779
vt 0.753398 0.282728
vt 0.780839 0.280233
vt 0.782480 0.286043
vt 0.790426 0.277656
vt 0.792366 0.282677
vt 0.684536 0.263774
vt 0.692225 0.256522
vt 0.726134 0.276056
vt 0.733514 0.274983
vt 0.753233 0.278758
vt 0.761964 0.279257
vt 0.745152 0.279183
vt 0.754671 0.275110
vt 0.761763 0.276783
vt 0.852980 0.311877
vt 0.846278 0.303955
vt 0.742818 0.326533
vt 0.753362 0.328721
vt 0.762624 0.330649
vt 0.770140 0.330851
vt 0.791038 0.330143
vt 0.797939 0.329232
vt 0.816533 0.326665
vt 0.845185 0.302489
vt 0.810750 0.327955
vt 0.799818 0.322831
vt 0.809144 0.323984
vt 0.781901 0.326053
vt 0.789775 0.326906
vt 0.770364 0.328105
vt 0.770981 0.324847
vt 0.779513 0.322583
vt 0.780437 0.278454
vt 0.790954 0.275754
vt 0.764002 0.281200
vt 0.771319 0.280999
vt 0.736300 0.279703
vt 0.743119 0.280725
vt 0.693353 0.255085
vt 0.717863 0.277136
vt 0.723515 0.278285
vt 0.725174 0.274300
vt 0.734517 0.273278
vt 0.744355 0.277516
vt 0.752124 0.276704
vt 0.763628 0.278362
vt 0.754389 0.273302
vt 0.762693 0.275119
s 1
f 429/548/593 430/549/593 431/550/594 485/551/595
f 485/552/595 431/550/594 434/553/596 487/554/596
f 435/555/597 486/556/598 462/557/599 464/558/597
f 432/559/600 429/548/600 485/552/601 433/560/602
f 429/548/603 432/559/604 430/549/604
f 439/561/605 438/562/606 437/563/606 436/564/605
f 432/559/604 439/561/605 436/564/605 430/549/604
f 443/565/606 442/566/606 441/567/606 440/568/606
f 444/569/606 445/570/606 442/566/606 443/565/606
f 446/571/606 447/572/606 445/570/606 444/569/606
f 438/562/606 439/561/605 447/572/606 446/571/606
f 451/573/606 448/574/606 449/575/606 450/576/606
f 452/577/606 451/573/606 450/576/606 453/578/606
f 454/579/606 452/577/606 453/578/606 455/580/606
f 437/563/606 454/579/606 455/580/606 436/564/605
f 460/581/607 461/582/608 457/583/609 456/584/607
f 456/584/610 457/583/611 459/585/612 458/586/610
f 457/583/611 462/587/613 463/588/613 459/585/612
f 461/582/608 464/589/614 462/587/614 457/583/609
f 456/584/615 458/586/616 460/581/616
f 468/590/617 465/591/617 466/592/618 467/593/618
f 460/581/616 458/586/616 465/591/617 468/590/617
f 472/594/618 469/595/618 470/596/618 471/597/618
f 473/598/618 472/594/618 471/597/618 474/599/618
f 475/600/618 473/598/618 474/599/618 476/601/618
f 467/593/618 475/600/618 476/601/618 468/590/617
f 480/602/618 479/603/618 478/604/618 477/605/618
f 481/606/618 482/607/618 479/603/618 480/602/618
f 483/608/618 484/609/618 482/607/618 481/606/618
f 466/592/618 465/591/617 484/609/618 483/608/618
f 431/550/619 430/549/620 458/610/620 459/611/621
f 432/559/622 433/560/623 461/612/624 460/613/622
f 462/557/599 487/554/625 434/553/626 463/614/626
f 434/553/627 431/550/619 459/611/621 463/614/627
f 433/560/623 435/555/628 464/558/628 461/612/624
f 439/561/629 432/559/629 460/613/629 468/615/629
f 430/549/630 436/564/630 465/616/630 458/610/630
f 441/567/631 442/566/632 471/617/632 470/618/631
f 438/562/633 446/571/634 475/619/634 467/620/633
f 442/566/632 445/570/635 474/621/635 471/617/632
f 443/565/636 440/568/637 469/622/637 472/623/636
f 444/569/638 443/565/636 472/623/636 473/624/638
f 445/570/635 447/572/639 476/625/639 474/621/635
f 446/571/634 444/569/638 473/624/638 475/619/634
f 447/572/639 439/561/640 468/615/640 476/625/639
f 450/576/641 449/575/642 478/626/642 479/627/641
f 453/578/643 450/576/641 479/627/641 482/628/643
f 448/574/644 451/573/645 480/629/645 477/630/644
f 451/573/645 452/577/646 481/631/646 480/629/645
f 455/580/647 453/578/643 482/628/643 484/632/647
f 452/577/646 454/579/648 483/633/648 481/631/646
f 454/579/648 437/563/649 466/634/649 483/633/648
f 436/564/650 455/580/647 484/632/647 465/616/650
f 486/556/598 487/554/625 462/557/599
f 486/556/651 485/552/651 487/554/651
f 433/560/602 485/552/601 486/556/652 435/555/652
f 530/635/653 488/636/654 516/637/654 515/638/654
f 527/639/655 488/636/655 492/640/655 491/641/655
f 528/642/656 529/643/657 511/644/658
f 532/645/659 531/646/660 510/647/660 511/644/658
f 491/641/655 492/640/655 493/648/655 490/649/655
f 490/649/655 493/648/655 489/650/655
f 499/651/661 505/652/662 523/653/663 519/654/661
f 507/655/664 521/656/665 517/657/666 501/658/666
f 504/659/667 498/660/668 518/661/668 522/662/669
f 506/663/670 500/664/671 520/665/671 524/666/672
f 502/667/673 496/668/674 500/664/674 506/663/673
f 503/669/675 502/667/673 506/663/673 507/655/676
f 507/655/664 506/663/670 524/666/672 521/656/665
f 505/652/662 504/659/667 522/662/669 523/653/663
f 525/670/677 508/671/678 526/672/679
f 508/671/678 509/673/680 494/674/680 495/675/681
f 511/644/658 508/671/678 525/670/677 528/642/656
f 531/646/682 530/635/653 515/638/654 510/647/682
f 509/673/683 513/676/654 512/677/654 494/674/683
f 527/639/654 512/677/654 513/676/654 514/678/654
f 514/678/654 516/637/654 488/636/654 527/639/654
f 496/679/684 499/680/684 519/681/684 500/664/684
f 507/655/676 501/658/685 497/682/685 503/669/675
f 524/666/686 520/665/687 519/654/687 523/653/688
f 517/657/689 521/656/690 522/662/691 518/661/689
f 521/656/690 524/666/686 523/653/688 522/662/691
f 497/683/692 501/658/692 518/684/692 498/685/692
f 500/664/684 519/681/684 520/665/684
f 518/684/692 501/658/692 517/657/692
f 526/672/679 508/671/678 495/675/681
f 511/644/658 529/643/657 532/645/659
f 533/686/693 535/687/693 536/688/693 534/689/693
f 537/690/694 539/691/694 540/692/694 538/693/694
f 541/694/695 543/695/695 544/696/695 542/697/695
f 545/698/696 546/699/696 548/700/696 547/701/696
f 549/702/697 550/703/697 552/704/697 551/705/697
f 553/706/698 554/707/698 556/708/698 555/709/698
f 533/686/699 534/689/699 546/699/699 545/698/699
f 536/688/700 535/687/700 547/710/700 548/711/700
f 534/712/701 536/713/701 548/700/701 546/699/701
f 535/714/702 533/715/702 545/698/702 547/701/702
f 537/716/703 538/717/703 550/703/703 549/702/703
f 540/692/704 539/691/704 551/705/704 552/704/704
f 538/693/705 540/692/705 552/718/705 550/719/705
f 539/691/706 537/690/706 549/720/706 551/721/706
f 541/722/707 542/723/707 554/707/707 553/706/707
f 544/696/708 543/695/708 555/709/708 556/708/708
f 542/697/709 544/696/709 556/724/709 554/725/709
f 543/695/710 541/694/710 553/726/710 555/727/710
f 603/728/711 563/729/712 561/730/713 600/731/712
f 605/732/714 565/733/715 560/734/716 599/735/717
f 649/736/712 611/737/654 587/738/654 580/739/713
f 604/740/718 564/741/719 559/742/720 598/743/720
f 599/735/717 560/734/716 564/741/719 604/740/718
f 650/744/721 609/745/711 582/746/722 578/747/721
f 653/748/654 601/749/654 557/750/654 585/751/654
f 654/752/654 653/748/654 585/751/654 586/753/654
f 608/754/654 568/755/654 567/756/654 607/757/654
f 560/734/716 565/733/715 571/758/723 569/759/724
f 564/741/719 560/734/716 569/759/724 570/760/660
f 561/730/713 563/729/712 573/761/659 572/762/659
f 567/756/654 568/755/654 575/763/654 574/764/654
f 570/760/660 569/759/724 576/765/660 577/766/660
f 606/767/654 566/768/654 558/769/654 597/770/654
f 562/771/725 596/772/726 602/773/727 581/774/728
f 595/775/721 589/776/729 594/777/721
f 651/778/730 610/779/731 583/780/732 579/781/733
f 598/743/721 559/742/721 563/729/712 603/728/711
f 600/731/712 561/730/713 568/755/654 608/754/654
f 610/779/731 650/744/660 578/747/660 583/780/732
f 652/782/734 651/778/730 579/781/733 584/783/735
f 611/737/654 654/752/654 586/753/654 587/738/654
f 609/745/711 649/736/712 580/739/713 582/746/722
f 579/781/733 588/784/723 590/785/723 584/783/735
f 578/747/721 582/746/722 589/776/729 595/775/721
f 580/739/713 591/786/659 589/776/729 582/746/722
f 586/753/654 585/751/654 593/787/654 592/788/654
f 607/757/654 567/756/654 566/768/654 606/767/654
f 581/774/728 602/773/727 652/782/734 584/783/735
f 562/771/725 565/733/715 605/732/714 596/772/726
f 580/739/736 587/738/737 640/789/737 634/790/736
f 579/781/738 583/780/739 636/791/740 633/792/738
f 563/729/741 559/742/741 614/793/741 617/794/741
f 568/755/742 561/730/742 615/795/742 622/796/742
f 565/733/743 562/771/743 616/797/743 619/798/743
f 559/742/744 564/741/744 618/799/744 614/793/744
f 558/769/745 566/768/746 620/800/746 613/801/745
f 566/768/746 567/756/747 621/802/747 620/800/746
f 569/759/748 571/758/748 625/803/748 623/804/748
f 571/758/749 565/733/749 619/798/749 625/803/749
f 564/741/750 570/760/750 624/805/750 618/799/750
f 572/762/751 573/761/751 627/806/751 626/807/751
f 573/761/752 563/729/752 617/794/752 627/806/752
f 561/730/753 572/762/753 626/807/753 615/795/753
f 574/764/754 575/763/754 629/808/754 628/809/754
f 575/763/755 568/755/755 622/796/755 629/808/755
f 567/756/756 574/764/756 628/809/756 621/802/756
f 577/766/757 576/765/757 630/810/757 631/811/757
f 576/765/758 569/759/758 623/804/758 630/810/758
f 570/760/759 577/766/759 631/811/759 624/805/759
f 562/771/760 581/774/760 635/812/760 616/797/760
f 581/774/761 584/783/761 637/813/761 635/812/761
f 583/780/739 578/747/762 632/814/762 636/791/740
f 585/751/763 557/750/763 612/815/763 638/816/763
f 587/738/737 586/753/764 639/817/764 640/789/737
f 590/785/765 588/784/765 641/818/765 643/819/765
f 584/783/766 590/785/766 643/819/766 637/813/766
f 588/784/767 579/781/767 633/792/767 641/818/767
f 591/786/768 580/739/768 634/790/768 644/820/768
f 586/753/755 592/788/755 645/821/755 639/817/755
f 592/788/769 593/787/769 646/822/769 645/821/769
f 593/787/756 585/751/756 638/816/756 646/822/756
f 594/777/770 589/776/770 642/823/770 647/824/770
f 595/775/771 594/777/771 647/824/771 648/825/771
f 578/747/772 595/775/772 648/825/772 632/814/772
f 589/776/773 591/786/773 644/820/773 642/823/773
f 669/826/774 659/827/775 673/828/775 668/829/776
f 674/830/777 675/831/778 657/832/778 670/833/779
f 676/834/780 677/835/781 667/836/782 656/837/780
f 677/835/781 678/838/783 666/839/783 667/836/782
f 658/840/784 665/841/785 663/842/786 655/843/784
f 665/841/785 664/844/787 662/845/787 663/842/786
f 678/838/788 674/830/777 670/833/779 666/839/788
f 664/844/789 669/826/774 668/829/776 662/845/789
f 672/846/790 660/847/790 673/828/790 659/827/790
f 671/848/791 657/832/791 675/831/791 661/849/791
f 721/850/792 717/851/793 683/852/794 686/853/795
f 715/854/796 721/850/792 686/853/795 690/855/797
f 717/851/793 722/856/798 687/857/799 683/852/794
f 718/858/800 723/859/801 688/860/802 684/861/800
f 719/862/803 724/863/804 689/864/805 685/865/806
f 725/866/807 703/867/808 700/868/809 761/869/810
f 722/856/798 718/858/811 684/861/812 687/857/799
f 727/870/813 705/871/814 702/872/815 763/873/816
f 724/863/804 716/874/817 682/875/817 689/864/805
f 686/853/795 683/852/794 691/876/818 692/877/818
f 684/861/800 688/860/802 695/878/800 693/879/800
f 687/857/799 684/861/812 693/879/819 694/880/819
f 693/879/800 695/878/800 697/881/800 696/882/800
f 720/883/820 707/884/821 703/867/808 725/866/807
f 761/869/810 700/868/809 704/885/822 726/886/823
f 764/887/824 701/888/824 705/871/814 727/870/813
f 763/873/816 702/872/815 706/889/825 728/890/826
f 726/886/823 704/885/822 701/888/827 764/887/827
f 728/890/826 706/889/825 699/891/828 762/892/828
f 723/859/801 719/862/803 685/865/806 688/860/802
f 680/893/829 698/894/829 707/884/821 720/883/820
f 703/867/808 709/895/830 708/896/830 700/868/809
f 701/888/824 710/897/824 712/898/824 705/871/814
f 704/885/822 711/899/827 710/897/827 701/888/827
f 710/897/824 713/900/824 714/901/824 712/898/824
f 679/902/831 715/854/796 690/855/797 681/903/831
f 689/864/832 682/875/833 730/904/833 736/905/832
f 688/860/834 685/865/835 732/906/835 735/907/834
f 683/852/836 687/857/836 734/908/836 731/909/836
f 685/865/835 689/864/832 736/905/832 732/906/835
f 681/903/837 690/855/838 737/910/839 729/911/837
f 690/855/838 686/853/840 733/912/840 737/910/839
f 692/877/841 691/876/841 738/913/841 739/914/841
f 691/876/842 683/852/842 731/909/842 738/913/842
f 686/853/843 692/877/843 739/914/843 733/912/843
f 694/880/844 693/879/844 740/915/844 741/916/844
f 695/878/845 688/860/846 735/907/846 742/917/845
f 687/857/847 694/880/847 741/916/847 734/908/847
f 696/882/848 697/881/848 744/918/848 743/919/848
f 697/881/849 695/878/845 742/917/845 744/918/849
f 693/879/850 696/882/850 743/919/850 740/915/850
f 699/891/851 706/889/852 752/920/852 746/921/851
f 702/872/853 705/871/854 751/922/854 748/923/853
f 704/885/855 700/868/855 747/924/855 750/925/855
f 706/889/852 702/872/853 748/923/853 752/920/852
f 707/884/856 698/894/856 745/926/856 753/927/856
f 703/867/857 707/884/857 753/927/857 749/928/857
f 708/896/858 709/895/858 755/929/858 754/930/858
f 700/868/859 708/896/859 754/930/859 747/924/859
f 709/895/860 703/867/860 749/928/860 755/929/860
f 710/897/861 711/899/861 757/931/861 756/932/861
f 705/871/862 712/898/863 758/933/863 751/922/862
f 711/899/864 704/885/864 750/925/864 757/931/864
f 714/901/865 713/900/865 759/934/865 760/935/865
f 712/898/863 714/901/866 760/935/866 758/933/863
f 713/900/867 710/897/867 756/932/867 759/934/867
o 立方体.006
v -1.561407 2.321498 -1.677845
v -1.978742 2.376150 -1.648536
v -1.581899 4.146118 -1.274339
v -1.534385 4.536186 -1.266724
v -1.461635 4.474511 -1.262908
v -1.496291 4.141730 -1.269128
v -1.579952 4.141937 -1.188436
v -1.532592 4.530373 -1.162806
v -1.459843 4.468699 -1.158989
v -1.494344 4.137549 -1.183225
v -1.581899 4.134290 -1.695640
v -1.538892 4.481447 -1.747627
v -1.457345 4.413521 -1.734078
v -1.496291 4.130643 -1.689886
v -1.579952 4.141715 -1.609956
v -1.536883 4.490677 -1.631326
v -1.455336 4.422751 -1.617777
v -1.494344 4.138069 -1.604202
v -1.939296 4.146118 -1.606715
v -1.976180 4.473352 -1.598906
v -2.069656 4.394115 -1.603593
v -2.024916 4.141730 -1.611728
v -1.941443 4.141937 -1.692614
v -1.978792 4.465884 -1.732409
v -2.072269 4.386647 -1.737096
v -2.027063 4.137549 -1.697627
v -1.938225 4.134290 -1.145387
v -1.979268 4.560871 -1.090450
v -2.064434 4.467694 -1.104397
v -2.023846 4.130643 -1.150942
v -1.940372 4.141715 -1.231066
v -1.981647 4.548244 -1.211860
v -2.064149 4.464190 -1.226513
v -2.025993 4.138069 -1.236622
v -1.435466 4.251569 -1.735233
v -1.486864 4.243885 -1.783817
v -2.026242 4.173572 -1.759393
v -2.089785 4.166046 -1.692690
v -1.510429 4.259356 -1.100273
v -1.435268 4.268337 -1.177060
v -2.104974 4.165880 -1.139352
v -2.035740 4.176323 -1.071064
v -1.551077 3.370199 -1.659451
v -1.981876 3.366698 -1.632316
v -1.578485 3.370813 -1.208849
v -1.543297 3.371035 -1.245450
v -1.587850 2.324420 -1.227030
v -1.970832 2.374574 -1.200163
v -1.991818 3.367422 -1.200037
v -2.027098 3.701682 -1.657617
v -1.496022 3.763705 -1.215522
v -1.499514 3.763298 -1.693250
v -1.548865 3.757533 -1.161594
v -2.000467 3.704792 -1.685564
v -2.010076 3.703670 -1.146425
v -1.522382 3.760627 -1.715027
v -2.038992 3.700293 -1.174738
vn -0.9902 -0.1370 -0.0261
vn -0.0654 0.0172 -0.9977
vn 0.9921 -0.1249 -0.0124
vn -0.0519 -0.1468 -0.9878
vn -0.9999 -0.0121 -0.0023
vn 0.0362 -0.1386 0.9897
vn 0.0442 -0.0087 0.9990
vn 0.9994 -0.0262 0.0217
vn -0.9925 0.1198 0.0259
vn 0.9944 -0.1024 -0.0250
vn -0.0816 -0.0597 0.9949
vn 0.0619 0.0121 -0.9980
vn -0.9923 0.1237 0.0092
vn 0.9906 -0.1369 -0.0081
vn -0.0865 0.0660 0.9941
vn 0.0468 -0.1567 -0.9865
vn 0.9933 0.1119 -0.0275
vn -0.9842 -0.1746 0.0306
vn 0.1098 -0.1207 -0.9866
vn -0.0387 -0.0329 0.9987
vn 0.9946 0.1004 -0.0243
vn -0.9929 -0.1185 0.0067
vn 0.0935 0.0499 -0.9944
vn -0.0363 -0.1355 0.9901
vn -0.7077 -0.1477 -0.6909
vn -0.6825 -0.1511 0.7151
vn 0.6909 -0.1514 -0.7069
vn 0.7156 -0.1384 0.6847
vn 0.7208 -0.0185 0.6929
vn -0.1367 0.9902 -0.0283
vn -0.1409 0.9898 -0.0208
vn -0.1413 0.9898 -0.0202
vn -0.1401 0.9901 -0.0124
vn -0.1404 0.9900 -0.0129
vn -0.1341 0.9910 -0.0047
vn -0.9903 -0.1370 -0.0237
vn 0.0638 -0.1394 0.9882
vn 0.9922 -0.1247 -0.0015
vn -0.0340 -0.1477 -0.9884
vn 0.7149 -0.1384 0.6854
vt 0.381392 0.294702
vt 0.391798 0.271889
vt 0.417620 0.279491
vt 0.410184 0.304751
vt 0.471577 0.202985
vt 0.494117 0.204264
vt 0.497344 0.257328
vt 0.473092 0.262335
vt 0.476596 0.284495
vt 0.449707 0.286527
vt 0.449481 0.263932
vt 0.503376 0.274521
vt 0.478280 0.284004
vt 0.399304 0.255432
vt 0.402946 0.202955
vt 0.427451 0.206064
vt 0.422936 0.261432
vt 0.446566 0.263905
vt 0.445440 0.286198
vt 0.419767 0.280165
vt 0.447702 0.204525
vt 0.550824 0.256014
vt 0.551937 0.234194
vt 0.556714 0.234330
vt 0.556623 0.256148
vt 0.566221 0.234657
vt 0.566922 0.253255
vt 0.561103 0.253286
vt 0.561457 0.234697
vt 0.571431 0.256035
vt 0.570968 0.234194
vt 0.550333 0.224763
vt 0.553532 0.205377
vt 0.558279 0.205898
vt 0.556802 0.225437
vt 0.567720 0.206674
vt 0.568597 0.222711
vt 0.562057 0.222610
vt 0.562971 0.206607
vt 0.573798 0.225574
vt 0.572434 0.205980
vt 0.535090 0.224592
vt 0.534093 0.206274
vt 0.538859 0.205724
vt 0.542455 0.223648
vt 0.529319 0.206840
vt 0.529254 0.221094
vt 0.521870 0.220492
vt 0.524525 0.206472
vt 0.515404 0.222681
vt 0.519984 0.204977
vt 0.536202 0.257238
vt 0.535086 0.233220
vt 0.539859 0.232825
vt 0.542736 0.255397
vt 0.530324 0.233662
vt 0.530774 0.252720
vt 0.524045 0.251772
vt 0.525539 0.233553
vt 0.518576 0.255466
vt 0.520819 0.232825
vt 0.389878 0.270928
vt 0.480949 0.312020
vt 0.484703 0.310825
vt 0.443980 0.315126
vt 0.449998 0.315564
vt 0.437118 0.350949
vt 0.433598 0.352591
vt 0.446647 0.320785
vt 0.415314 0.306498
vt 0.405668 0.342675
vt 0.403198 0.338381
vt 0.410510 0.309171
vt 0.376807 0.292413
vt 0.511739 0.298361
s 1
f 802/936/868 814/937/868 821/938/868 805/939/868
f 765/940/869 766/941/869 808/942/869 807/943/869
f 807/943/870 816/944/870 815/945/870 810/946/870
f 807/943/871 808/942/871 818/947/871 820/948/871
f 808/949/872 766/950/872 812/951/872 813/952/872
f 809/953/873 817/954/873 819/955/873 813/952/873
f 811/956/874 809/953/874 813/952/874 812/951/874
f 765/940/875 807/943/875 810/946/875 811/956/875
f 768/957/876 767/958/876 771/959/876 772/960/876
f 770/961/877 769/962/877 773/963/877 774/964/877
f 772/960/878 771/959/878 774/964/878 773/963/878
f 768/965/879 769/962/879 770/961/879 767/966/879
f 776/967/880 775/968/880 779/969/880 780/970/880
f 778/971/881 777/972/881 781/973/881 782/974/881
f 780/970/882 779/969/882 782/974/882 781/973/882
f 776/975/883 777/972/883 778/971/883 775/976/883
f 784/977/884 783/978/884 787/979/884 788/980/884
f 786/981/885 785/982/885 789/983/885 790/984/885
f 788/985/886 787/986/886 790/984/886 789/983/886
f 784/977/887 785/982/887 786/981/887 783/978/887
f 792/987/888 791/988/888 795/989/888 796/990/888
f 794/991/889 793/992/889 797/993/889 798/994/889
f 796/995/890 795/996/890 798/994/890 797/993/890
f 792/987/891 793/992/891 794/991/891 791/988/891
f 808/949/892 814/937/892 818/997/892
f 813/952/893 819/955/893 821/938/893
f 799/998/894 816/944/894 820/948/894 800/999/894
f 803/1000/895 817/954/895 815/945/895 804/1001/895
f 809/953/896 811/956/896 810/946/896
f 799/1002/897 800/1003/898 803/1000/899 804/1004/897
f 806/1005/900 801/1006/901 802/1007/902 805/1008/902
f 803/1000/899 800/1003/898 801/1006/901 806/1005/900
f 821/938/903 814/937/903 808/949/903 813/952/903
f 819/955/904 817/954/904 803/1000/904 806/1005/904
f 818/997/892 814/937/892 802/936/892 801/1009/892
f 815/945/905 816/944/905 799/998/905 804/1001/905
f 820/948/906 818/947/906 801/1010/906 800/999/906
f 820/948/894 816/944/894 807/943/894
f 821/938/893 819/955/893 806/1005/893 805/939/893
f 815/945/907 817/954/907 809/953/907 810/946/907
o 立方体.005
v -2.802012 3.340525 -0.731447
v -3.229619 3.408986 -0.732075
v -2.773974 3.086345 -0.548354
v -3.214901 3.090617 -0.485436
v -2.773957 3.086299 -0.914125
v -3.214849 3.090551 -0.977943
v -3.820419 3.552996 -0.732094
v -3.762718 3.126899 -0.395625
v -3.762725 3.126834 -1.067688
v -2.676223 1.885540 -0.830362
v -2.658128 1.657004 -0.826193
v -2.658128 1.657004 -0.636284
v -2.676223 1.885540 -0.632115
v -2.695433 2.128154 0.423514
v -2.713876 2.361086 0.258513
v -2.713426 2.355398 -0.010098
v -2.697112 2.149357 0.058765
v -2.693133 2.099105 -0.190858
v -2.706538 2.268402 -0.273311
v -2.683267 1.974500 -0.365657
v -2.693603 2.105037 -0.465983
v -2.695433 2.128154 -1.885992
v -2.713876 2.361086 -1.720991
v -2.713426 2.355398 -1.452380
v -2.697112 2.149357 -1.521242
v -2.693133 2.099105 -1.271620
v -2.706538 2.268402 -1.189167
v -2.683267 1.974500 -1.096821
v -2.693603 2.105037 -0.996495
v -2.834542 3.295952 -0.731450
v -3.241502 3.323640 -0.732020
v -2.820677 3.052006 -0.571189
v -3.221566 3.059145 -0.530270
v -2.820677 3.052006 -0.891288
v -3.221566 3.059145 -0.933070
v -3.834638 3.459036 -0.732061
v -3.771271 3.094810 -0.439695
v -3.771271 3.094810 -1.023570
v -2.731236 1.881228 -0.830362
v -2.713137 1.652649 -0.826193
v -2.713137 1.652649 -0.636284
v -2.731236 1.881228 -0.632115
v -2.750443 2.123798 0.423514
v -2.768886 2.356731 0.258513
v -2.768436 2.351042 -0.010098
v -2.752121 2.145001 0.058765
v -2.748142 2.094749 -0.190858
v -2.761547 2.264047 -0.273311
v -2.738276 1.970144 -0.365657
v -2.748612 2.100681 -0.465983
v -2.750442 2.123798 -1.885992
v -2.768886 2.356731 -1.720991
v -2.768436 2.351042 -1.452380
v -2.752121 2.145001 -1.521242
v -2.748142 2.094749 -1.271620
v -2.761547 2.264047 -1.189167
v -2.738276 1.970144 -1.096821
v -2.748612 2.100681 -0.996495
v -2.569158 1.493718 -2.178918
v -2.459069 -0.000001 -1.845305
v 1.937309 -0.000001 -1.952660
v -2.459070 -0.000001 0.382823
v -2.569158 1.493718 0.716436
v 1.937308 -0.000001 0.490177
v 2.032326 1.672831 0.855939
v -2.699371 3.323027 -0.731241
v -1.485556 1.488823 -2.147115
v -1.494579 -0.000001 -1.820830
v -1.494580 -0.000001 0.358348
v -1.485556 1.488823 0.684632
v -2.612562 2.138914 0.390396
v -2.655967 2.735801 -0.106994
v -2.655967 2.735801 -1.355488
v -2.612562 2.138914 -1.852878
v 1.980143 0.745133 -2.043911
v 1.963288 0.454761 -1.999598
v -2.489195 0.417513 -1.888118
v -2.512304 0.723740 -1.938694
v -2.512304 0.723740 0.476212
v -2.489196 0.417513 0.425635
v -1.490108 0.727011 0.453641
v -1.492113 0.408084 0.400220
v -1.490108 0.727011 -1.916123
v -1.492112 0.408084 -1.862702
v 0.004061 1.527730 -2.232768
v -0.047961 -0.000001 0.424263
v -0.047960 -0.000001 -1.886745
v 0.004060 1.573751 0.775399
v -0.033737 0.428927 0.468668
v -0.022815 0.741996 0.521126
v -0.033737 0.428927 -1.931150
v -0.022815 0.741996 -1.983608
v -2.569046 1.498621 0.726050
v -2.569045 1.498622 -2.197813
v -2.579462 1.708470 -2.106806
v -2.579463 1.708470 0.638662
v -2.819360 1.503323 0.726050
v -2.814130 1.503324 -2.197813
v -2.824547 1.713172 -2.106806
v -2.829776 1.713172 0.638662
v -2.569046 1.498621 -0.248571
v -2.569045 1.509980 -1.209843
v -2.579462 1.671523 -1.190338
v -2.579463 1.676622 -0.278929
v -2.773106 1.503323 -0.248571
v -2.773106 1.514225 -1.209843
v -2.783523 1.675768 -1.190338
v -2.783523 1.681324 -0.278929
v -2.532869 1.001834 -2.005321
v 1.997383 1.050964 -2.106753
v -2.532869 1.001834 0.542838
v -1.488411 1.006889 0.521562
v -1.488411 1.006889 -1.984045
v -0.013095 1.025977 0.590231
v -0.013094 1.025977 -2.052713
v 1.949326 0.204550 -1.974373
v 1.949326 0.204550 0.511890
v -2.473006 0.188615 0.402627
v -1.493438 0.182958 0.377717
v -1.493438 0.182958 -1.840200
v -2.473005 0.188615 -1.865110
v -0.041381 0.192600 -1.907286
v -0.041381 0.192600 0.444804
v 1.997383 1.050964 0.644270
v 1.980142 0.745133 0.581429
v 1.963288 0.454761 0.537116
v 2.032327 1.672831 -2.318421
v 1.807110 -0.000001 0.510445
v 1.902128 1.672830 0.876206
v 1.849944 0.745133 0.599902
v 1.833090 0.454761 0.557383
v 1.867185 1.050964 0.664538
v 1.818859 0.195381 0.531672
v 1.858565 0.899843 0.627735
v 1.841517 0.599947 0.575951
v 1.824843 0.307003 0.542483
v 1.893393 1.517364 0.816113
v 1.884657 1.361897 0.759608
v 1.875921 1.206430 0.710278
v 1.726385 0.454761 0.557383
v 1.707323 0.307003 0.542483
v 1.738522 0.745133 0.599902
v 1.755762 1.050964 0.664538
v 1.747142 0.899843 0.627735
v 1.681348 1.050964 0.664538
v 1.694216 0.899843 0.627735
v 1.143670 -0.000001 0.489210
v 1.155419 0.195381 0.510437
v 1.807110 -0.000001 -1.975868
v 1.902128 1.672830 -2.341629
v 1.849944 0.745133 -2.065325
v 1.833090 0.454761 -2.022806
v 1.867185 1.050964 -2.129961
v 1.818859 0.195381 -1.997095
v 1.858565 0.899843 -2.093158
v 1.841517 0.599947 -2.041375
v 1.824843 0.307003 -2.007907
v 1.893393 1.517364 -2.281536
v 1.884657 1.361897 -2.225031
v 1.875921 1.206430 -2.175702
v -2.507817 0.417799 -1.910066
v -2.548179 0.961493 -2.007784
v -2.595114 1.528590 -2.063939
v -2.527792 0.682598 -1.948841
v -2.593545 1.506607 -2.192312
v -2.480478 -0.000001 -1.867262
v -2.595114 1.528590 0.610183
v -2.527792 0.682598 0.352107
v -2.507817 0.417799 0.313332
v -2.548179 0.961493 0.413697
v -2.492687 0.195381 0.289886
v -2.453643 1.505650 0.734525
v -2.387958 0.682598 0.485315
v -2.367984 0.417799 0.446541
v -2.408344 0.961493 0.546906
v -2.351358 0.195381 0.423094
v -2.538164 0.823681 0.380105
v -2.398331 0.823681 0.513313
v -2.517954 0.550198 0.330265
v -2.378120 0.550198 0.463474
v -2.498802 0.283055 0.299745
v -2.358968 0.283055 0.432954
v -2.584995 1.386816 0.555382
v -2.572723 1.245042 0.503854
v -2.560092 1.103267 0.455597
v -2.445161 1.386816 0.688591
v -2.432889 1.245042 0.637062
v -2.420258 1.103267 0.592078
v -2.507817 0.417799 0.209673
v -2.517954 0.550198 0.226607
v -2.498802 0.283055 0.196086
v -2.548179 0.961493 0.338309
v -2.538164 0.823681 0.317673
v -2.572723 1.245042 0.355609
v -2.560092 1.103267 0.363006
v -2.507817 0.417799 0.175513
v -2.517954 0.550198 0.165354
v -2.270676 0.417799 0.446541
v -2.251798 0.283055 0.432954
v -2.286348 0.682598 0.485315
v -2.306735 0.961493 0.546906
v -2.296722 0.823681 0.513313
v -2.238875 0.961493 0.546906
v -2.248456 0.823681 0.513313
v -0.799687 -0.000001 0.411854
v -0.825294 0.195381 0.430595
v -2.527792 0.682598 -1.811970
v -2.507817 0.417799 -1.773195
v -2.548179 0.961493 -1.870913
v -2.492687 0.195381 -1.749749
v -2.340644 -0.000001 -1.863599
v -2.453712 1.506607 -2.188650
v -2.387958 0.682598 -1.945178
v -2.367984 0.417799 -1.906404
v -2.408344 0.961493 -2.004122
v -2.351358 0.195381 -1.882957
v -2.538164 0.823681 -1.974222
v -2.538164 0.823681 -1.837351
v -2.398331 0.823681 -1.970559
v -2.517954 0.550198 -1.927000
v -2.517954 0.550198 -1.790128
v -2.378120 0.550198 -1.923337
v -2.498802 0.283055 -1.896479
v -2.498802 0.283055 -1.759608
v -2.358968 0.283055 -1.892817
v -2.584995 1.386816 -2.146009
v -2.572723 1.245042 -2.094481
v -2.560092 1.103267 -2.046224
v -2.584995 1.386816 -2.009138
v -2.572723 1.245042 -1.957610
v -2.560092 1.103267 -1.909353
v -2.445161 1.386816 -2.142347
v -2.432889 1.245042 -2.090819
v -2.420258 1.103267 -2.045834
v -2.507817 0.417799 -1.669536
v -2.538164 0.823681 -1.777245
v -2.498802 0.283055 -1.684838
v -2.548179 0.961493 -1.795524
v -2.572723 1.245042 -1.847354
v -2.584995 1.386816 -1.839514
v -2.538164 0.823681 -1.698825
v -2.527792 0.682598 -1.711971
v -1.516524 0.195381 0.401959
v -1.505810 -0.000001 0.382601
v 1.916650 -0.000001 0.525011
v 2.023300 1.672830 0.879380
v 2.020524 1.050964 -2.100801
v 1.988359 1.050964 -2.133135
v 1.988702 0.454761 -1.991853
v 1.951992 0.454761 -2.028232
v 1.971119 0.745133 0.603076
v 1.951205 0.454761 0.563589
v 2.003283 0.745133 -2.036443
v 1.971119 0.745133 -2.068499
v 1.988359 1.050964 0.667711
v 2.023300 1.672830 -2.344803
v 1.911956 -0.000001 -1.995007
v 1.979739 0.899843 0.630908
v 1.961250 0.599947 0.580558
v 1.940894 0.307003 0.550729
v 2.014564 1.517364 0.819286
v 2.005828 1.361897 0.762781
v 1.997095 1.206430 0.710617
v 1.979739 0.899843 -2.096332
v 1.962692 0.599947 -2.044549
v 1.985253 0.307003 -1.972255
v 1.938948 0.307003 -2.018078
v 2.046731 1.517364 -2.251996
v 2.014564 1.517364 -2.284709
v 2.037996 1.361897 -2.195583
v 2.005828 1.361897 -2.228204
v 1.997095 1.206430 -2.176040
v -2.509516 0.417799 0.415807
v -2.473919 0.417799 0.447483
v -2.527792 0.682598 0.456082
v -2.495587 0.682598 0.488134
v -2.593879 1.511279 0.706778
v -2.561260 1.505650 0.737343
v -2.437821 -0.000001 0.413279
v -2.491029 -0.000001 0.365004
v -2.548179 0.961493 0.517395
v -2.515968 0.961493 0.549724
v -2.505957 0.823681 0.516132
v -2.538164 0.823681 0.483950
v -2.485189 0.550198 0.462038
v -2.518517 0.550198 0.433786
v -2.502244 0.283055 0.400544
v -2.463162 0.283055 0.435617
v -2.584995 1.386816 0.658702
v -2.552777 1.386816 0.691409
v -2.572723 1.245042 0.607264
v -2.540504 1.245042 0.639881
v -2.527885 1.103267 0.592378
v -2.560092 1.103267 0.559144
v 1.902937 1.684724 0.845318
v 1.850576 0.750742 0.567278
v 1.834286 0.458154 0.524470
v 1.867630 1.059178 0.632467
v 1.821208 0.198398 0.498784
v 1.842800 0.604467 0.543178
v 1.826407 0.309992 0.509547
v 1.894205 1.528932 0.785101
v 1.885285 1.372637 0.728295
v 1.876380 1.216063 0.678605
v 1.726385 0.458082 0.524441
v 1.707323 0.310325 0.509542
v 1.738522 0.750996 0.567316
v 1.755762 1.058798 0.632369
v 1.747142 0.907007 0.595410
v 1.681348 1.058798 0.632369
v 1.694216 0.907677 0.595566
v 1.156472 0.198892 0.477531
v 1.813028 0.003166 -1.943447
v 1.902937 1.684724 -2.310741
v 1.850799 0.750701 -2.032699
v 1.834801 0.457989 -1.989900
v 1.867844 1.059360 -2.097941
v 1.822776 0.197890 -1.964314
v 1.859413 0.906608 -2.060759
v 1.842540 0.604524 -2.008600
v 1.827735 0.309505 -1.975019
v 1.894205 1.528932 -2.250524
v 1.885285 1.372637 -2.193719
v 1.876380 1.216063 -2.144028
v -2.562089 1.530947 -2.063939
v -2.562089 1.530947 0.610183
v -2.494770 0.684992 0.352157
v -2.515165 0.964001 0.413697
v -2.459620 0.196638 0.290964
v -2.454452 1.517534 0.703632
v -2.388295 0.688830 0.452800
v -2.368159 0.421224 0.413610
v -2.408791 0.969931 0.514893
v -2.352661 0.198073 0.390121
v -2.505143 0.826091 0.380105
v -2.484933 0.552606 0.330428
v -2.378180 0.555054 0.430723
v -2.465755 0.284864 0.300630
v -2.359683 0.286092 0.399992
v -2.551994 1.389479 0.555382
v -2.539743 1.247957 0.503854
v -2.527108 1.106144 0.455597
v -2.445974 1.398363 0.657572
v -2.433514 1.255750 0.605739
v -2.420715 1.113250 0.560513
v -2.474797 0.420216 0.209673
v -2.484942 0.552726 0.226607
v -2.465767 0.285265 0.196086
v -2.515157 0.963892 0.338309
v -2.505143 0.826081 0.317673
v -2.539745 1.247980 0.355609
v -2.527114 1.106205 0.363006
v -2.474805 0.420327 0.175513
v -2.484942 0.552726 0.165354
v -2.270676 0.421121 0.413599
v -2.251798 0.286377 0.400012
v -2.286348 0.689042 0.452840
v -2.306735 0.969334 0.514739
v -2.296722 0.831045 0.481033
v -2.238875 0.969334 0.514739
v -2.248456 0.831522 0.481146
v -0.823931 0.198716 0.397683
v -2.494773 0.685034 -1.811970
v -2.474789 0.420109 -1.773195
v -2.515165 0.964002 -1.870913
v -2.459623 0.197089 -1.749755
v -2.341507 0.003216 -1.830658
v -2.454521 1.518490 -2.157758
v -2.388812 0.688149 -1.912549
v -2.368845 0.421478 -1.873511
v -2.409007 0.969835 -1.972088
v -2.352328 0.198743 -1.850034
v -2.399179 0.830423 -1.938155
v -2.484939 0.552692 -1.790128
v -2.378978 0.554899 -1.890575
v -2.465766 0.285251 -1.759636
v -2.359901 0.286390 -1.859890
v -2.551998 1.389533 -2.009138
v -2.539740 1.247928 -1.957610
v -2.527105 1.106107 -1.909353
v -2.445974 1.398363 -2.111328
v -2.433514 1.255790 -2.059509
v -2.420717 1.112871 -2.014152
v -2.474782 0.420009 -1.669536
v -2.505144 0.826100 -1.777245
v -2.465767 0.285265 -1.684838
v -2.515157 0.963892 -1.795524
v -2.539738 1.247897 -1.847354
v -2.552010 1.389671 -1.839514
v -2.505145 0.826109 -1.698825
v -2.494772 0.685025 -1.711971
v -1.516366 0.198364 0.368985
v 2.003283 0.745133 0.571020
v 2.011904 0.899843 0.598723
v 1.989488 0.454761 0.525650
v 1.996298 0.599947 0.545741
v 2.020524 1.050964 0.635377
v 2.029260 1.206430 0.677378
v 1.983308 0.307003 0.508757
v 2.046731 1.517364 0.786573
v 2.055468 1.672830 0.846632
v 2.037996 1.361897 0.730159
v 1.972143 -0.000001 0.470952
v 2.029260 1.206430 -2.142802
v 2.011904 0.899843 -2.064146
v 1.994856 0.599947 -2.012597
v 2.055468 1.672830 -2.312056
v 1.976837 -0.000001 -1.931803
vn 0.1072 0.6019 0.7913
vn 0.1360 0.6114 0.7796
vn 0.1334 0.6105 0.7807
vn 0.1091 0.6008 -0.7919
vn 0.1343 0.6094 -0.7814
vn 0.1368 0.6102 -0.7803
vn 0.1585 0.6172 -0.7707
vn 0.1586 0.6183 0.7697
vn 0.9940 0.1097 -0.0000
vn 0.9957 0.0922 -0.0000
vn 0.9968 0.0796 -0.0000
vn 0.9969 0.0789 -0.0000
vn -0.0656 -0.5816 -0.8108
vn -0.1096 -0.6031 -0.7901
vn -0.1147 -0.6055 -0.7876
vn -0.0676 -0.5805 0.8115
vn -0.1155 -0.6042 0.7884
vn -0.1106 -0.6019 0.7909
vn -0.1539 -0.6219 0.7678
vn -0.1540 -0.6231 -0.7668
vn -0.9984 -0.0567 -0.0000
vn -0.9977 -0.0685 -0.0000
vn -0.9969 -0.0781 -0.0000
vn -0.9969 -0.0789 -0.0000
vn 0.0720 -0.7428 0.6656
vn 0.0565 -0.7814 0.6214
vn 0.0568 -0.7806 0.6224
vn 0.0569 -0.7824 -0.6201
vn 0.0732 -0.7440 -0.6641
vn 0.0573 -0.7816 -0.6211
vn -0.9573 0.0754 0.2791
vn -0.9969 0.0784 -0.0000
vn -0.9969 0.0784 -0.0002
vn -0.9572 0.0751 -0.2794
vn 0.0409 -0.8169 -0.5753
vn 0.0412 -0.8161 0.5764
vn -0.0789 0.9967 -0.0212
vn -0.0778 0.9824 -0.1699
vn 0.0511 -0.6455 0.7620
vn 0.0581 -0.7337 0.6770
vn -0.0688 0.8688 -0.4903
vn 0.0787 -0.9944 0.0704
vn 0.0788 -0.9952 -0.0582
vn 0.0724 -0.9143 0.3986
vn -0.0540 0.6840 -0.7274
vn -0.0473 0.6005 -0.7982
vn -0.0778 0.9824 0.1699
vn -0.0789 0.9967 0.0212
vn -0.0688 0.8688 0.4903
vn 0.0788 -0.9952 0.0582
vn 0.0787 -0.9944 -0.0704
vn 0.0787 -0.9944 -0.0705
vn 0.0724 -0.9143 -0.3986
vn -0.0540 0.6840 0.7274
vn 0.0581 -0.7337 -0.6770
vn 0.0511 -0.6455 -0.7620
vn -0.0473 0.6005 0.7982
vn -0.1913 -0.0748 -0.9787
vn -0.1913 -0.0748 0.9787
vn -0.0326 -0.2776 -0.9602
vn -0.0301 -0.3283 -0.9441
vn -0.0188 -0.3284 -0.9444
vn -0.0224 -0.2758 -0.9610
vn -0.0092 -0.2786 0.9604
vn -0.0088 -0.3228 0.9464
vn 0.0236 -0.3259 0.9451
vn 0.0227 -0.2822 0.9591
vn -0.9973 -0.0736 -0.0000
vn -0.9975 -0.0705 -0.0000
vn -0.9976 -0.0687 -0.0000
vn -0.0325 -0.2733 0.9614
vn -0.0302 -0.3199 0.9470
vn 0.0227 -0.2822 -0.9591
vn 0.0236 -0.3259 -0.9451
vn -0.0100 -0.3273 -0.9449
vn -0.0099 -0.2808 -0.9597
vn 0.0248 -0.1013 -0.9945
vn 0.0246 -0.0989 -0.9948
vn -0.0106 -0.0990 -0.9950
vn -0.0103 -0.1017 -0.9948
vn 0.0229 -0.1633 -0.9863
vn 0.0222 -0.2003 -0.9795
vn -0.0104 -0.1991 -0.9799
vn -0.0102 -0.1638 -0.9864
vn -0.0391 -0.1017 0.9940
vn -0.0389 -0.0989 0.9943
vn -0.0106 -0.0990 0.9950
vn -0.0103 -0.1017 0.9948
vn -0.0374 -0.1607 0.9863
vn -0.0358 -0.1937 0.9804
vn -0.0104 -0.1991 0.9799
vn -0.0102 -0.1638 0.9864
vn -0.9974 -0.0720 -0.0000
vn -0.9975 -0.0706 -0.0000
vn -0.9972 -0.0752 -0.0000
vn -0.9972 -0.0744 -0.0000
vn 0.0246 -0.0989 0.9948
vn 0.0248 -0.1013 0.9945
vn 0.0222 -0.2003 0.9795
vn 0.0229 -0.1633 0.9863
vn -0.0391 -0.1017 -0.9940
vn -0.0389 -0.0989 -0.9943
vn -0.0329 -0.0989 -0.9946
vn -0.0329 -0.1014 -0.9943
vn -0.0374 -0.1607 -0.9863
vn -0.0358 -0.1937 -0.9804
vn -0.0284 -0.1883 -0.9817
vn -0.0306 -0.1569 -0.9871
vn -0.0306 -0.1569 0.9871
vn -0.0284 -0.1883 0.9817
vn -0.0329 -0.1014 0.9943
vn -0.0329 -0.0989 0.9946
vn -0.0239 -0.2715 0.9621
vn -0.0217 -0.3203 0.9471
vn -0.9973 -0.0728 -0.0000
vn -0.9973 -0.0737 -0.0000
vn -0.9975 -0.0650 -0.0265
vn -0.9966 -0.0680 -0.0476
vn -0.9977 -0.0643 -0.0217
vn 0.0209 0.9996 0.0171
vn 0.0199 0.9990 0.0401
vn 0.0209 0.9996 0.0174
vn 0.0076 0.3982 -0.9173
vn 0.0072 0.3847 0.9230
vn -0.0213 -0.9998 -0.0060
vn -0.0207 -0.9998 -0.0005
vn -0.0199 -0.9997 0.0117
vn -0.0209 -0.9998 0.0001
vn -0.0209 -0.9998 0.0002
vn 0.0207 0.9992 -0.0342
vn 0.0213 0.9996 -0.0200
vn 0.0213 0.9996 -0.0202
vn -0.9968 -0.0684 0.0420
vn -0.9976 -0.0651 0.0225
vn -0.9977 -0.0646 0.0196
vn -0.0329 -0.1042 0.9940
vn -0.0392 -0.1044 0.9938
vn -0.0100 -0.1044 -0.9945
vn -0.0392 -0.1044 -0.9938
vn -0.0329 -0.1042 -0.9940
vn -0.0100 -0.1044 0.9945
vn 0.0250 -0.1040 0.9943
vn 0.0250 -0.1040 -0.9943
vn -0.0794 -0.1029 0.9915
vn -0.1148 -0.0933 0.9890
vn -0.0709 -0.0911 0.9933
vn -0.0195 -0.2551 0.9667
vn -0.0139 -0.2922 0.9563
vn -0.0139 -0.2909 0.9566
vn -0.0134 -0.2481 0.9686
vn -0.0451 -0.1185 0.9919
vn -0.0382 -0.1382 0.9897
vn -0.0388 -0.1365 0.9899
vn -0.0245 -0.3501 0.9364
vn -0.0244 -0.3592 0.9329
vn -0.0245 -0.3494 0.9367
vn -0.0287 -0.1662 0.9857
vn -0.0256 -0.2066 0.9781
vn -0.0128 -0.2062 0.9784
vn -0.0191 -0.1694 0.9854
vn -0.0708 -0.0854 0.9938
vn -0.0613 -0.0895 0.9941
vn -0.0318 -0.0948 0.9950
vn -0.0472 -0.0903 0.9948
vn -0.0194 -0.3256 0.9453
vn -0.0190 -0.3244 0.9457
vn -0.0000 -0.1003 0.9950
vn -0.0000 -0.2366 0.9716
vn -0.0000 -0.2164 0.9763
vn -0.0000 -0.1771 0.9842
vn -0.0318 -0.1061 0.9939
vn -0.0195 -0.2551 -0.9667
vn -0.0199 -0.2536 -0.9671
vn -0.0139 -0.2909 -0.9566
vn -0.0139 -0.2922 -0.9563
vn -0.0356 -0.1169 -0.9925
vn -0.0309 -0.1382 -0.9899
vn -0.0305 -0.1401 -0.9897
vn -0.0245 -0.3501 -0.9364
vn -0.0245 -0.3494 -0.9367
vn -0.0244 -0.3592 -0.9329
vn -0.0258 -0.1687 -0.9853
vn -0.0258 -0.1682 -0.9854
vn -0.0256 -0.2043 -0.9786
vn -0.0256 -0.2066 -0.9781
vn -0.1788 -0.0956 -0.9792
vn -0.1183 -0.0758 -0.9901
vn -0.1557 -0.0881 -0.9839
vn -0.0854 -0.0759 -0.9935
vn -0.0873 -0.0756 -0.9933
vn -0.0666 -0.0795 -0.9946
vn -0.9978 -0.0646 -0.0175
vn -0.9974 -0.0711 -0.0064
vn -0.9973 -0.0727 -0.0049
vn -0.9977 -0.0678 -0.0092
vn -0.0190 -0.3244 -0.9457
vn -0.0194 -0.3256 -0.9453
vn 0.0165 -0.1856 0.9825
vn 0.0102 -0.1882 0.9821
vn 0.0128 -0.2148 0.9766
vn 0.0256 -0.2150 0.9763
vn 0.0194 -0.2666 0.9636
vn 0.0135 -0.2549 0.9669
vn 0.0138 -0.3015 0.9534
vn 0.0138 -0.3023 0.9531
vn 0.0245 -0.3498 0.9365
vn 0.0245 -0.3488 0.9369
vn 0.0244 -0.3589 0.9331
vn 0.0069 -0.1062 0.9943
vn 0.0053 -0.1034 0.9946
vn 0.0018 -0.1467 0.9892
vn 0.0022 -0.1495 0.9888
vn -0.9962 -0.0872 -0.0000
vn -0.9970 -0.0770 -0.0000
vn -0.9968 -0.0804 -0.0000
vn -0.9961 -0.0880 -0.0000
vn -0.9974 -0.0725 -0.0012
vn -0.9974 -0.0723 -0.0015
vn 0.0394 -0.0813 0.9959
vn 0.0346 -0.0807 0.9961
vn -0.0072 -0.0908 0.9958
vn -0.0048 -0.0901 0.9959
vn -0.9975 -0.0712 -0.0000
vn 0.0312 -0.0878 0.9956
vn 0.0216 -0.0917 0.9955
vn -0.9980 -0.0495 -0.0388
vn -0.9981 -0.0546 -0.0267
vn -0.9962 -0.0867 -0.0000
vn -0.9962 -0.0869 -0.0000
vn -0.9969 -0.0790 -0.0000
vn -0.9971 -0.0757 -0.0000
vn 0.0189 -0.3234 0.9461
vn 0.0195 -0.3252 0.9454
vn -0.9973 -0.0730 -0.0000
vn -0.9978 -0.0668 -0.0000
vn -0.9971 -0.0763 -0.0000
vn -0.9974 -0.0725 -0.0000
vn -0.9961 -0.0887 -0.0000
vn -0.9987 -0.0380 -0.0326
vn -0.9987 -0.0516 0.0002
vn -0.9989 -0.0469 -0.0006
vn -0.9992 -0.0366 -0.0176
vn -0.9973 -0.0733 -0.0000
vn -0.9973 -0.0731 -0.0000
vn -0.0000 -0.2224 0.9750
vn -0.0000 -0.2368 0.9716
vn -0.0000 -0.1947 0.9809
vn -0.0412 -0.1007 0.9941
vn -0.9973 -0.0729 -0.0000
vn -0.9971 -0.0758 -0.0000
vn -0.9978 -0.0662 0.0011
vn -0.9978 -0.0663 0.0008
vn -0.9976 -0.0698 -0.0000
vn -0.9974 -0.0719 -0.0000
vn -0.9966 -0.0821 -0.0000
vn -0.9972 -0.0751 -0.0000
vn -0.9972 -0.0753 -0.0000
vn 0.0256 -0.2065 -0.9781
vn 0.0194 -0.2538 -0.9671
vn 0.0200 -0.2520 -0.9675
vn 0.0256 -0.2036 -0.9787
vn 0.0280 -0.1005 -0.9945
vn 0.0260 -0.1123 -0.9933
vn 0.0260 -0.1111 -0.9935
vn 0.0282 -0.1007 -0.9945
vn 0.0245 -0.3498 -0.9365
vn 0.0244 -0.3589 -0.9331
vn 0.0245 -0.3488 -0.9369
vn 0.0259 -0.1438 -0.9893
vn 0.0258 -0.1684 -0.9854
vn 0.0258 -0.1677 -0.9855
vn 0.0259 -0.1420 -0.9895
vn 0.0139 -0.2922 -0.9563
vn 0.0139 -0.2901 -0.9569
vn 0.0195 -0.3263 -0.9451
vn 0.0189 -0.3246 -0.9456
vn -0.9963 -0.0858 -0.0000
vn -0.9963 -0.0862 -0.0000
vn 0.0293 -0.1016 -0.9944
vn 0.0277 -0.0993 -0.9947
vn 0.0261 -0.0971 -0.9949
vn 0.6930 -0.2435 -0.6786
vn 0.6940 -0.2156 -0.6869
vn 0.6943 -0.2172 -0.6862
vn 0.6924 -0.2480 -0.6776
vn 0.6949 -0.1873 0.6943
vn 0.6969 -0.1601 0.6991
vn 0.6969 -0.1597 0.6992
vn 0.6952 -0.1843 0.6948
vn 0.6975 -0.1434 0.7021
vn 0.6983 -0.1304 0.7038
vn 0.6976 -0.1424 0.7022
vn 0.6952 -0.1843 -0.6948
vn 0.6969 -0.1597 -0.6992
vn 0.6969 -0.1601 -0.6991
vn 0.6949 -0.1873 -0.6943
vn 0.6924 -0.2480 0.6776
vn 0.6943 -0.2172 0.6862
vn 0.6940 -0.2156 0.6869
vn 0.6930 -0.2435 0.6786
vn 0.6976 -0.1425 -0.7022
vn 0.6983 -0.1304 -0.7038
vn 0.6975 -0.1434 -0.7020
vn 0.6994 -0.1101 0.7062
vn 0.6975 -0.1118 0.7078
vn 0.6975 -0.1119 0.7078
vn 0.6810 -0.2969 0.6693
vn 0.6821 -0.2908 0.6709
vn 0.6824 -0.2889 0.6714
vn 0.6862 -0.2755 0.6733
vn 0.6869 -0.2734 0.6733
vn 0.6957 -0.1135 0.7093
vn 0.6993 -0.1101 -0.7063
vn 0.6974 -0.1119 -0.7079
vn 0.6975 -0.1118 -0.7078
vn 0.6810 -0.2969 -0.6693
vn 0.6824 -0.2889 -0.6714
vn 0.6821 -0.2908 -0.6709
vn 0.6869 -0.2734 -0.6733
vn 0.6862 -0.2755 -0.6733
vn 0.6956 -0.1135 -0.7094
vn -0.6871 -0.2718 0.6738
vn -0.6900 -0.2370 0.6839
vn -0.6899 -0.2404 0.6829
vn -0.6867 -0.2746 0.6731
vn -0.6577 -0.1611 0.7359
vn -0.6558 -0.1299 0.7437
vn -0.6557 -0.1302 0.7438
vn -0.6581 -0.1621 0.7353
vn -0.6922 -0.2023 0.6928
vn -0.6791 -0.1850 0.7103
vn -0.6805 -0.1854 0.7089
vn -0.6920 -0.2042 0.6924
vn -0.6637 -0.1185 0.7386
vn -0.6636 -0.1186 0.7386
vn -0.6783 -0.3065 0.6678
vn -0.6785 -0.3039 0.6688
vn -0.6785 -0.3045 0.6685
vn -0.6821 -0.2935 0.6698
vn -0.6814 -0.2952 0.6697
vn -0.6655 -0.1183 0.7369
vn -0.9976 0.0618 -0.0302
vn -0.9979 0.0603 -0.0251
vn -0.9979 0.0603 -0.0252
vn -0.9985 0.0555 0.0014
vn -0.9984 0.0558 0.0011
vn -0.9970 0.0552 -0.0542
vn -0.9981 0.0588 -0.0201
vn -0.9983 0.0576 -0.0034
vn -0.9983 0.0577 -0.0043
vn -0.9984 0.0568 -0.0008
vn -0.9919 0.1267 0.0128
vn -0.0003 0.9948 0.1014
vn -0.0014 -0.9954 -0.0954
vn -0.9985 0.0535 0.0107
vn -0.0009 0.9709 0.2395
vn -0.0018 0.9702 0.2424
vn -0.0011 -0.9849 -0.1733
vn -0.9966 -0.0801 -0.0195
vn -0.0000 0.9716 0.2366
vn -0.0065 -0.9740 -0.2265
vn -0.0028 0.9951 0.0986
vn -0.9907 0.0640 0.1205
vn -0.9873 0.0698 0.1428
vn -0.9906 0.0641 0.1210
vn -0.9982 0.0582 0.0124
vn -0.9981 0.0592 0.0172
vn -0.9978 0.0600 0.0268
vn -0.9976 0.0597 0.0344
vn -0.9978 0.0600 0.0269
vn -0.9984 0.0560 0.0004
vn -0.9984 0.0571 0.0057
vn -0.9950 0.0581 0.0814
vn -0.9950 0.0581 0.0818
vn -0.9962 0.0580 0.0646
vn -0.9983 0.0577 0.0043
vn -0.9983 0.0576 0.0034
vn -0.9984 0.0568 0.0008
vn -0.0110 0.1777 -0.9840
vn -0.0133 0.1935 -0.9810
vn -0.0110 0.1776 -0.9840
vn -0.0244 0.2899 0.9567
vn -0.0210 0.2597 0.9655
vn -0.0106 0.1440 0.9895
vn -0.0092 0.1261 0.9920
vn -0.0229 0.2812 -0.9594
vn 0.0243 0.1120 -0.9934
vn 0.9972 0.0742 0.0061
vn 0.9972 0.0748 0.0059
vn 0.9965 0.0830 0.0101
vn 0.9967 0.0804 0.0091
vn 0.9961 0.0855 -0.0230
vn -0.0086 0.1617 -0.9868
vn 0.9973 0.0737 0.0064
vn -0.0280 0.3493 -0.9366
vn -0.0273 0.3590 -0.9329
vn -0.0287 0.3395 -0.9402
vn 0.9975 0.0708 0.0007
vn 0.9970 0.0775 0.0039
vn 0.9964 0.0849 0.0090
vn -0.0070 0.0998 -0.9950
vn 0.0607 -0.9982 -0.0019
vn -0.0754 0.9972 0.0003
vn -0.0745 0.9972 0.0006
vn -0.0107 0.1473 -0.9890
vn 0.0726 -0.9974 0.0001
vn -0.0741 0.9972 -0.0007
vn 0.0046 -0.0517 -0.9987
vn 0.0878 -0.9961 -0.0003
vn -0.0884 0.9961 0.0001
vn 0.0058 -0.0761 -0.9971
vn 0.0747 -0.9972 -0.0016
vn -0.0763 0.9971 -0.0000
vn -0.0448 0.9990 0.0001
vn 0.9904 0.1374 0.0138
vn 0.0005 0.9948 0.1019
vn 0.0013 -0.9954 -0.0961
vn 0.9974 0.0701 0.0150
vn 0.0030 0.9693 0.2458
vn 0.0015 0.9704 0.2413
vn 0.0011 -0.9815 -0.1915
vn 0.9977 -0.0655 -0.0160
vn -0.0000 0.9716 0.2368
vn 0.0051 -0.9733 -0.2296
vn 0.0020 0.9963 0.0857
vn -0.0011 0.9959 0.0906
vn -0.0011 0.9959 0.0905
vn -0.0060 0.1111 0.9938
vn 0.9981 0.0572 0.0221
vn 0.9971 0.0728 0.0209
vn 0.9970 0.0756 0.0131
vn 0.9972 0.0740 0.0091
vn 0.9972 0.0732 0.0180
vn 0.9969 0.0771 0.0152
vn 0.9970 0.0770 0.0005
vn 0.9965 0.0834 -0.0079
vn 0.9967 0.0784 0.0198
vn 0.9967 0.0785 0.0198
vn -0.0121 0.1619 0.9867
vn -0.0276 0.3591 0.9329
vn -0.0679 0.8232 0.5636
vn -0.0677 0.8207 0.5673
vn -0.0278 0.3198 0.9471
vn 0.9970 0.0775 -0.0039
vn 0.9975 0.0708 -0.0007
vn 0.9964 0.0849 -0.0088
vn 0.0075 -0.1123 0.9936
vn 0.0665 -0.9978 0.0001
vn -0.0683 0.9977 0.0005
vn -0.0741 0.9972 0.0007
vn 0.0867 -0.9962 -0.0001
vn 0.0047 -0.0548 0.9985
vn -0.0842 0.9965 -0.0004
vn -0.0732 0.9973 -0.0001
vn 0.0068 -0.0923 0.9957
vn 0.0735 -0.9973 -0.0000
vn -0.0095 0.1308 0.9914
vn -0.0042 0.9954 0.0954
vt 0.321982 0.107385
vt 0.332955 0.117657
vt 0.333578 0.138258
vt 0.310164 0.132998
vt 0.343355 0.106892
vt 0.356617 0.131688
vt 0.362181 0.163299
vt 0.334490 0.171098
vt 0.306390 0.164844
vt 0.325630 0.039090
vt 0.327777 0.027371
vt 0.335534 0.026366
vt 0.337810 0.038985
vt 0.280556 0.026466
vt 0.280236 0.038475
vt 0.266384 0.035109
vt 0.260704 0.020564
vt 0.295379 0.029682
vt 0.294563 0.040286
vt 0.308448 0.030909
vt 0.307583 0.038733
vt 0.382947 0.026167
vt 0.402906 0.020578
vt 0.397006 0.035024
vt 0.383125 0.038169
vt 0.368052 0.029271
vt 0.368819 0.039872
vt 0.354918 0.030466
vt 0.355830 0.038238
vt 0.198962 0.276666
vt 0.189274 0.251787
vt 0.208485 0.246809
vt 0.208624 0.266654
vt 0.227753 0.251466
vt 0.218434 0.276467
vt 0.208196 0.213091
vt 0.233435 0.220896
vt 0.183065 0.221327
vt 0.203714 0.341887
vt 0.215216 0.341754
vt 0.213977 0.353940
vt 0.205242 0.354628
vt 0.161728 0.349224
vt 0.141910 0.355775
vt 0.147486 0.341032
vt 0.160932 0.337229
vt 0.176589 0.344727
vt 0.174876 0.334134
vt 0.188583 0.343355
vt 0.188595 0.334447
vt 0.257331 0.349468
vt 0.258022 0.337477
vt 0.271485 0.341108
vt 0.277247 0.355775
vt 0.242360 0.345005
vt 0.244144 0.334395
vt 0.230332 0.343385
vt 0.230502 0.334510
vt 0.307203 0.132210
vt 0.318993 0.106336
vt 0.346307 0.105748
vt 0.359527 0.130728
vt 0.334609 0.175533
vt 0.303447 0.166620
vt 0.365219 0.164908
vt 0.279710 0.041478
vt 0.265689 0.038122
vt 0.307987 0.027865
vt 0.327241 0.024357
vt 0.294449 0.043343
vt 0.261493 0.017616
vt 0.281309 0.023488
vt 0.295883 0.026634
vt 0.307874 0.041829
vt 0.322554 0.041053
vt 0.397641 0.038037
vt 0.383623 0.041183
vt 0.368922 0.042928
vt 0.382232 0.023180
vt 0.402172 0.017616
vt 0.367581 0.026275
vt 0.355547 0.041341
vt 0.355416 0.027396
vt 0.336200 0.023360
vt 0.340934 0.040927
vt 0.788735 0.512373
vt 0.787901 0.546393
vt 0.660003 0.560238
vt 0.660801 0.518194
vt 0.086008 0.455351
vt 0.088504 0.485625
vt 0.024954 0.492981
vt 0.023740 0.461400
vt 0.594378 0.670847
vt 0.604784 0.700489
vt 0.430847 0.700418
vt 0.441272 0.670796
vt 0.585169 0.739340
vt 0.450408 0.739266
vt 0.174172 0.453102
vt 0.175998 0.487811
vt 0.948665 0.516042
vt 0.948495 0.549600
vt 0.880736 0.544041
vt 0.882361 0.511812
vt 0.947646 0.462842
vt 0.947925 0.477613
vt 0.883992 0.472998
vt 0.884550 0.458605
vt 0.948388 0.497606
vt 0.883165 0.493537
vt 0.171185 0.402279
vt 0.171968 0.416534
vt 0.083295 0.418875
vt 0.082330 0.405347
vt 0.173119 0.435576
vt 0.084698 0.438178
vt 0.585955 0.621835
vt 0.587343 0.635627
vt 0.448330 0.635609
vt 0.449710 0.621828
vt 0.590381 0.654086
vt 0.445285 0.654050
vt 0.023251 0.425210
vt 0.023055 0.411299
vt 0.023431 0.444039
vt 0.790195 0.458334
vt 0.789843 0.473490
vt 0.661842 0.479392
vt 0.662257 0.463310
vt 0.789262 0.493738
vt 0.661305 0.498198
vt 0.292639 0.418311
vt 0.293701 0.435996
vt 0.291773 0.403186
vt 0.294768 0.454802
vt 0.296761 0.494361
vt 0.555255 0.775288
vt 0.480240 0.775227
vt 0.517694 0.810634
vt 0.466575 0.164869
vt 0.412247 0.165445
vt 0.416939 0.153706
vt 0.468293 0.154943
vt 0.519288 0.144771
vt 0.570133 0.142659
vt 0.570703 0.156231
vt 0.519382 0.156171
vt 0.583754 0.152204
vt 0.588260 0.164118
vt 0.575235 0.168105
vt 0.399009 0.161142
vt 0.403685 0.149381
vt 0.466865 0.176262
vt 0.413069 0.179309
vt 0.573956 0.181628
vt 0.519608 0.176568
vt 0.520189 0.165220
vt 0.417958 0.139858
vt 0.468836 0.143601
vt 0.291053 0.390822
vt 0.170552 0.390650
vt 0.885028 0.446893
vt 0.790477 0.445970
vt 0.662611 0.450163
vt 0.081521 0.394339
vt 0.022861 0.399857
vt 0.584725 0.610469
vt 0.450888 0.610469
vt 0.947446 0.450690
vt 0.877117 0.244660
vt 0.876650 0.239695
vt 0.887084 0.240680
vt 0.928866 0.213205
vt 0.938105 0.211173
vt 0.938536 0.217659
vt 0.930118 0.220101
vt 0.895031 0.224794
vt 0.902736 0.220752
vt 0.904700 0.226500
vt 0.898666 0.230833
vt 0.956997 0.212090
vt 0.966378 0.211390
vt 0.966039 0.217685
vt 0.956824 0.218843
vt 0.910974 0.218407
vt 0.919782 0.215594
vt 0.921237 0.222506
vt 0.912438 0.224948
vt 0.887733 0.229434
vt 0.891306 0.235291
vt 0.947628 0.211749
vt 0.947360 0.218303
vt 0.901159 0.236279
vt 0.895751 0.240474
vt 0.930700 0.226128
vt 0.922729 0.229033
vt 0.915105 0.230686
vt 0.931575 0.230024
vt 0.924592 0.231560
vt 0.894784 0.277576
vt 0.884155 0.280290
vt 0.692010 0.220923
vt 0.693726 0.227362
vt 0.685335 0.229344
vt 0.683048 0.222998
vt 0.725978 0.221504
vt 0.723764 0.227524
vt 0.717060 0.225748
vt 0.717930 0.219283
vt 0.666217 0.230616
vt 0.669234 0.236646
vt 0.660610 0.239869
vt 0.657570 0.234506
vt 0.709705 0.218435
vt 0.709855 0.225147
vt 0.701842 0.225898
vt 0.700776 0.219327
vt 0.738277 0.243294
vt 0.732609 0.235011
vt 0.742114 0.239010
vt 0.733351 0.225449
vt 0.729384 0.230997
vt 0.885396 0.405981
vt 0.893089 0.409052
vt 0.890322 0.413994
vt 0.882054 0.410923
vt 0.677233 0.232269
vt 0.674429 0.225950
vt 0.901854 0.408567
vt 0.902735 0.402619
vt 0.910958 0.404566
vt 0.910050 0.410802
vt 0.918486 0.412693
vt 0.919264 0.406402
vt 0.927153 0.408719
vt 0.927146 0.414376
vt 0.944306 0.412778
vt 0.943750 0.406815
vt 0.950841 0.407424
vt 0.951533 0.412880
vt 0.886800 0.403588
vt 0.889831 0.398008
vt 0.895487 0.401774
vt 0.894090 0.406979
vt 0.935439 0.416027
vt 0.943945 0.415210
vt 0.942426 0.420559
vt 0.933988 0.421540
vt 0.901002 0.410922
vt 0.909140 0.413326
vt 0.906162 0.418796
vt 0.898290 0.415792
vt 0.879504 0.389430
vt 0.868671 0.391265
vt 0.876285 0.341111
vt 0.886895 0.343766
vt 0.951521 0.415058
vt 0.950430 0.419925
vt 0.879883 0.399554
vt 0.882941 0.393988
vt 0.877817 0.402541
vt 0.873420 0.407481
vt 0.926496 0.416895
vt 0.924179 0.422607
vt 0.917757 0.415164
vt 0.915284 0.420280
vt 0.935151 0.407752
vt 0.935804 0.413520
vt 0.879442 0.416480
vt 0.872689 0.413608
vt 0.886957 0.418312
vt 0.912781 0.423421
vt 0.906415 0.422514
vt 0.932018 0.428783
vt 0.925480 0.428476
vt 0.885377 0.420850
vt 0.879415 0.418649
vt 0.864820 0.403324
vt 0.753481 0.407171
vt 0.747925 0.398008
vt 0.867188 0.394236
vt 0.718590 0.429539
vt 0.711954 0.430974
vt 0.710611 0.426654
vt 0.887002 0.389251
vt 0.891900 0.392974
vt 0.912119 0.398412
vt 0.919312 0.401253
vt 0.905033 0.397244
vt 0.913770 0.395953
vt 0.919961 0.397969
vt 0.886195 0.302565
vt 0.896273 0.306849
vt 0.709209 0.415745
vt 0.710508 0.423224
vt 0.701728 0.422109
vt 0.701046 0.414536
vt 0.740232 0.409383
vt 0.746327 0.414308
vt 0.737110 0.419149
vt 0.732872 0.412868
vt 0.677240 0.406008
vt 0.676074 0.413479
vt 0.668988 0.408698
vt 0.670715 0.402867
vt 0.725234 0.415066
vt 0.728367 0.421683
vt 0.719868 0.423884
vt 0.717584 0.416172
vt 0.702939 0.407102
vt 0.710267 0.408150
vt 0.730131 0.405850
vt 0.735130 0.402499
vt 0.673838 0.396828
vt 0.680626 0.399034
vt 0.717534 0.408455
vt 0.724071 0.407676
vt 0.692657 0.412848
vt 0.695337 0.405522
vt 0.684712 0.410241
vt 0.687960 0.402924
vt 0.693352 0.420259
vt 0.684338 0.418977
vt 0.746889 0.418508
vt 0.741367 0.423142
vt 0.703319 0.425832
vt 0.679935 0.424823
vt 0.674220 0.421744
vt 0.737585 0.399316
vt 0.744252 0.391864
vt 0.682732 0.220439
vt 0.691892 0.218434
vt 0.910003 0.216112
vt 0.918759 0.213142
vt 0.893297 0.222198
vt 0.901454 0.218474
vt 0.700817 0.216805
vt 0.710075 0.215868
vt 0.928021 0.210781
vt 0.937323 0.208655
vt 0.718606 0.216924
vt 0.727319 0.219020
vt 0.885244 0.226377
vt 0.956460 0.209682
vt 0.965929 0.209176
vt 0.947095 0.209275
vt 0.874562 0.236707
vt 0.736124 0.222754
vt 0.656990 0.232396
vt 0.665660 0.228173
vt 0.673951 0.223226
vt 0.745231 0.235567
vt 0.905340 0.228067
vt 0.900703 0.231754
vt 0.938783 0.219321
vt 0.931848 0.221524
vt 0.891223 0.237225
vt 0.889013 0.240903
vt 0.911589 0.226833
vt 0.967263 0.219228
vt 0.956951 0.220675
vt 0.947273 0.220142
vt 0.902896 0.236925
vt 0.895861 0.242595
vt 0.922378 0.231147
vt 0.914409 0.232541
vt 0.932396 0.226350
vt 0.933234 0.231138
vt 0.924430 0.233649
vt 0.896576 0.277243
vt 0.736770 0.244351
vt 0.731206 0.236196
vt 0.709882 0.226967
vt 0.702089 0.227736
vt 0.723106 0.229233
vt 0.716795 0.227553
vt 0.694091 0.229164
vt 0.685842 0.231097
vt 0.728297 0.232486
vt 0.669918 0.238345
vt 0.660204 0.241803
vt 0.677951 0.233984
vt 0.904392 0.420323
vt 0.897722 0.417446
vt 0.700511 0.423839
vt 0.693066 0.422029
vt 0.736545 0.421246
vt 0.728785 0.423359
vt 0.922925 0.424115
vt 0.915781 0.422364
vt 0.871359 0.408493
vt 0.865075 0.405491
vt 0.891826 0.397001
vt 0.896060 0.400308
vt 0.920758 0.404853
vt 0.927352 0.407119
vt 0.881383 0.389270
vt 0.882843 0.391877
vt 0.891058 0.416011
vt 0.901851 0.400604
vt 0.951372 0.421530
vt 0.942693 0.422321
vt 0.935404 0.423159
vt 0.943799 0.404979
vt 0.951974 0.405851
vt 0.934982 0.405921
vt 0.877784 0.418130
vt 0.871073 0.414748
vt 0.888112 0.419602
vt 0.913276 0.425171
vt 0.905682 0.424277
vt 0.933313 0.430198
vt 0.924470 0.430379
vt 0.885853 0.422814
vt 0.878719 0.420235
vt 0.753454 0.409375
vt 0.887096 0.387135
vt 0.893592 0.392273
vt 0.904281 0.395427
vt 0.911546 0.396089
vt 0.921226 0.401123
vt 0.914045 0.394209
vt 0.921584 0.396657
vt 0.888706 0.344115
vt 0.748392 0.414912
vt 0.736294 0.398014
vt 0.742959 0.390575
vt 0.710435 0.406300
vt 0.717483 0.406639
vt 0.723719 0.405842
vt 0.729368 0.404173
vt 0.695812 0.403760
vt 0.703248 0.405290
vt 0.734029 0.401068
vt 0.721290 0.425454
vt 0.674014 0.414111
vt 0.667307 0.409574
vt 0.684940 0.420927
vt 0.673233 0.394929
vt 0.681246 0.397311
vt 0.688653 0.401197
vt 0.748619 0.419590
vt 0.741342 0.425037
vt 0.702474 0.427426
vt 0.680171 0.426830
vt 0.672337 0.422488
vt 0.711013 0.432676
vt 0.709422 0.428421
vt 0.719786 0.431223
vt 0.898039 0.307350
s 1
f 824/1011/908 822/1012/908 823/1013/909 825/1014/910
f 822/1012/911 826/1015/911 827/1016/912 823/1013/913
f 823/1013/913 827/1016/912 830/1017/914 828/1018/914
f 825/1014/910 823/1013/909 828/1018/915 829/1019/915
f 822/1012/916 824/1011/917 826/1015/917
f 834/1020/918 833/1021/919 832/1022/919 831/1023/918
f 824/1011/917 834/1020/918 831/1023/918 826/1015/917
f 838/1024/919 837/1025/919 836/1026/919 835/1027/919
f 839/1028/919 840/1029/919 837/1025/919 838/1024/919
f 841/1030/919 842/1031/919 840/1029/919 839/1028/919
f 833/1021/919 834/1020/918 842/1031/919 841/1030/919
f 846/1032/919 843/1033/919 844/1034/919 845/1035/919
f 847/1036/919 846/1032/919 845/1035/919 848/1037/919
f 849/1038/919 847/1036/919 848/1037/919 850/1039/919
f 832/1022/919 849/1038/919 850/1039/919 831/1023/918
f 853/1040/920 854/1041/921 852/1042/922 851/1043/920
f 851/1043/923 852/1042/924 856/1044/925 855/1045/923
f 852/1042/924 857/1046/926 859/1047/926 856/1044/925
f 854/1041/921 858/1048/927 857/1046/927 852/1042/922
f 851/1043/928 855/1045/929 853/1040/929
f 863/1049/930 860/1050/930 861/1051/931 862/1052/931
f 853/1040/929 855/1045/929 860/1050/930 863/1049/930
f 867/1053/931 864/1054/931 865/1055/931 866/1056/931
f 868/1057/931 867/1053/931 866/1056/931 869/1058/931
f 870/1059/931 868/1057/931 869/1058/931 871/1060/931
f 862/1052/931 870/1059/931 871/1060/931 863/1049/930
f 875/1061/931 874/1062/931 873/1063/931 872/1064/931
f 876/1065/931 877/1066/931 874/1062/931 875/1061/931
f 878/1067/931 879/1068/931 877/1066/931 876/1065/931
f 861/1051/931 860/1050/930 879/1068/931 878/1067/931
f 824/1011/932 825/1014/933 854/1069/934 853/1070/932
f 827/1016/935 826/1015/936 855/1071/936 856/1072/937
f 829/1019/938 828/1018/939 857/1073/940 858/1074/938
f 828/1018/939 830/1017/941 859/1075/941 857/1073/940
f 830/1017/942 827/1016/935 856/1072/937 859/1075/942
f 825/1014/933 829/1019/943 858/1074/943 854/1069/934
f 836/1026/944 837/1025/945 866/1076/945 865/1077/944
f 833/1021/946 841/1030/947 870/1078/947 862/1079/946
f 837/1025/945 840/1029/948 869/1080/948 866/1076/945
f 838/1024/949 835/1027/950 864/1081/950 867/1082/949
f 839/1028/951 838/1024/949 867/1082/949 868/1083/951
f 840/1029/948 842/1031/952 871/1084/952 869/1080/948
f 841/1030/947 839/1028/951 868/1083/951 870/1078/947
f 842/1031/952 834/1020/953 863/1085/953 871/1084/952
f 845/1035/954 844/1034/955 873/1086/955 874/1087/954
f 848/1037/956 845/1035/954 874/1087/954 877/1088/956
f 843/1033/957 846/1032/958 875/1089/959 872/1090/957
f 846/1032/958 847/1036/960 876/1091/960 875/1089/959
f 850/1039/961 848/1037/956 877/1088/956 879/1092/961
f 847/1036/960 849/1038/962 878/1093/962 876/1091/960
f 849/1038/962 832/1022/963 861/1094/963 878/1093/962
f 831/1023/964 850/1039/961 879/1092/961 860/1095/964
f 826/1015/965 831/1023/965 860/1095/965 855/1071/965
f 834/1020/966 824/1011/966 853/1070/966 863/1085/966
f 936/1096/967 906/1097/968 948/1098/969 931/1099/970
f 933/1100/971 891/1101/972 884/1102/973 932/1103/974
f 932/1104/975 884/1105/976 880/1106/976 930/1107/975
f 880/1106/976 884/1105/976 892/1108/977 895/1109/977
f 935/1110/978 909/1111/979 891/1101/972 933/1100/971
f 930/1112/980 880/1113/981 888/1114/982 934/1115/983
f 942/1116/984 898/1117/985 905/1118/986 941/1119/987
f 898/1117/988 899/1120/989 904/1121/990 905/1118/991
f 944/1122/992 910/1123/993 903/1124/994 940/1125/995
f 910/1123/996 911/1126/997 902/1127/998 903/1124/999
f 939/1128/1000 901/1129/1001 898/1130/1001 942/1131/1000
f 901/1129/1002 900/1132/1003 899/1133/1003 898/1130/1002
f 940/1125/995 903/1124/994 901/1134/1004 939/1135/1005
f 903/1124/999 902/1127/998 900/1136/1006 901/1134/1007
f 943/1137/1008 912/1138/1009 897/1139/1010 937/1140/1011
f 912/1138/1012 913/1141/1013 896/1142/1014 897/1139/1015
f 905/1118/991 904/1121/990 913/1141/1013 912/1138/1012
f 941/1119/987 905/1118/986 912/1138/1009 943/1137/1008
f 947/1143/1016 946/1144/1017 911/1126/997 910/1123/996
f 938/1145/1018 947/1143/1019 910/1123/993 944/1122/992
f 945/1146/1020 886/1147/1021 909/1111/979 935/1110/978
f 934/1115/983 888/1114/982 906/1097/968 936/1096/967
f 895/1109/977 892/1108/977 893/1148/1022 894/1149/1022
f 894/1149/1022 893/1148/1022 887/1150/1023
f 926/1151/1024 918/1152/1025 921/1153/1025 929/1154/1026
f 924/1155/1027 916/1156/1028 920/1157/1028 928/1158/1029
f 916/1159/1030 915/1160/1030 919/1161/1030 920/1157/1030
f 914/1162/1031 917/1163/1031 921/1153/1031 918/1152/1031
f 922/1164/1032 914/1165/1033 918/1152/1033 926/1151/1032
f 915/1166/1034 923/1167/1035 927/1168/1036 919/1161/1034
f 923/1167/1035 922/1164/1032 926/1151/1032 927/1168/1036
f 917/1169/1037 925/1170/1038 929/1154/1039 921/1153/1037
f 925/1170/1038 924/1155/1027 928/1158/1029 929/1154/1039
f 919/1161/1040 927/1168/1041 928/1158/1042 920/1157/1040
f 927/1168/1041 926/1151/1024 929/1154/1026 928/1158/1042
f 904/1121/990 934/1115/983 936/1096/967 913/1141/1013
f 946/1144/1017 945/1146/1020 935/1110/978 911/1126/997
f 899/1120/989 930/1112/980 934/1115/983 904/1121/990
f 911/1126/997 935/1110/978 933/1100/971 902/1127/998
f 900/1132/1003 932/1104/975 930/1107/975 899/1133/1003
f 902/1127/998 933/1100/971 932/1103/974 900/1136/1006
f 913/1141/1013 936/1096/967 931/1099/970 896/1142/1014
f 885/1171/1043 938/1145/1018 944/1122/992 907/1172/1044
f 889/1173/1045 941/1119/987 943/1137/1008 908/1174/1046
f 908/1174/1046 943/1137/1008 937/1140/1011 882/1175/1047
f 890/1176/1048 940/1125/995 939/1135/1005 883/1177/1049
f 883/1178/1023 939/1128/1000 942/1131/1000 881/1179/1023
f 907/1172/1044 944/1122/992 940/1125/995 890/1176/1048
f 881/1180/1050 942/1116/984 941/1119/987 889/1173/1045
f 949/1181/1051 1066/1182/1052 954/1183/1053
f 1076/1184/1054 1084/1185/1055 960/1186/1056 953/1187/1057
f 1073/1188/1058 1080/1189/1059 956/1190/1060 952/1191/1058
f 1082/1192/1061 1067/1193/1062 950/1194/1062 958/1195/1063
f 1072/1196/1064 1079/1197/1065 955/1198/1066 951/1199/1067
f 1080/1189/1059 1072/1196/1064 951/1199/1067 956/1190/1060
f 1081/1200/1068 1073/1188/1069 952/1191/1070 957/1201/1071
f 1079/1197/1065 1076/1184/1054 953/1187/1057 955/1198/1066
f 1084/1185/1055 1083/1202/1072 959/1203/1073 960/1186/1056
f 1083/1202/1072 1082/1192/1061 958/1195/1063 959/1203/1073
f 954/1183/1053 1066/1182/1052 1081/1200/1068 957/1201/1071
f 957/1201/1071 952/1191/1070 961/1204/1074 962/1205/1074
f 955/1198/1066 953/1187/1057 964/1206/1075 965/1207/1076
f 951/1199/1067 955/1198/1066 965/1207/1076 963/1208/1077
f 965/1207/1076 964/1206/1075 966/1209/1075 967/1210/1075
f 949/1181/1051 954/1183/1053 969/1211/1078 968/1212/1078
f 1069/1213/1079 974/1214/1080 981/1215/1081 1093/1216/1082
f 1071/1217/1083 973/1218/1083 977/1219/1084 1086/1220/1085
f 1090/1221/1086 979/1222/1087 971/1223/1088 1077/1224/1088
f 1075/1225/1089 972/1226/1090 976/1227/1091 1085/1228/1092
f 970/1229/1093 975/1230/1094 1078/1231/1095
f 1086/1220/1085 977/1219/1084 972/1226/1090 1075/1225/1089
f 1088/1232/1096 978/1233/1097 973/1218/1098 1071/1217/1098
f 1085/1228/1092 976/1227/1091 974/1214/1080 1069/1213/1079
f 1094/1234/1099 1107/1235/1100 1000/1236/1101 990/1237/1102
f 1093/1216/1082 981/1215/1081 980/1238/1103 1092/1239/1104
f 1092/1239/1104 980/1238/1103 979/1222/1087 1090/1221/1086
f 975/1230/1094 978/1233/1097 1088/1232/1096 1078/1231/1095
f 1097/1240/1105 994/1241/1106 999/1242/1107 1104/1243/1108
f 1103/1244/1109 996/1245/1110 1009/1246/1111 1114/1247/1112
f 1111/1248/1113 1007/1249/1114 993/1250/1115 1099/1251/1115
f 1095/1252/1116 995/1253/1117 1001/1254/1118 1106/1255/1119
f 1112/1256/1120 1110/1257/1121 1004/1258/1122 1005/1259/1123
f 1096/1260/1124 1105/1261/1022 998/1262/1022 989/1263/1125
f 997/1264/1126 1100/1265/1127 1065/1266/1128 1064/1267/1129
f 1110/1257/1121 1098/1268/1130 988/1269/1130 1004/1258/1122
f 1106/1255/1119 1001/1254/1118 994/1241/1106 1097/1240/1105
f 1107/1235/1100 1096/1260/1124 989/1263/1125 1000/1236/1101
f 1109/1270/1131 1003/1271/1132 995/1253/1117 1095/1252/1116
f 1108/1272/1133 1094/1234/1099 990/1237/1102 1002/1273/1134
f 1104/1243/1108 999/1242/1107 996/1245/1110 1103/1244/1109
f 1115/1274/1135 1112/1256/1120 1005/1259/1123 1006/1275/1136
f 1105/1261/1022 1102/1276/1137 991/1277/1138 998/1262/1022
f 1114/1247/1112 1009/1246/1111 1008/1278/1139 1113/1279/1140
f 1113/1279/1140 1008/1278/1139 1007/1249/1114 1111/1248/1113
f 990/1237/1102 1010/1280/1141 1012/1281/1142 1002/1273/1134
f 1000/1236/1101 1011/1282/1143 1010/1280/1141 990/1237/1102
f 991/1277/1138 1013/1283/1144 1014/1284/1144 998/1262/1022
f 1005/1259/1123 1015/1285/1145 1016/1286/1145 1006/1275/1136
f 1011/1282/1143 1018/1287/1143 1017/1288/1143 1010/1280/1141
f 997/1264/1126 1003/1271/1132 1109/1270/1131 1100/1265/1127
f 1102/1276/1137 1115/1274/1135 1006/1275/1136 991/1277/1138
f 992/1289/1146 1031/1290/1147 987/1291/1148 1101/1292/1149
f 1063/1293/1150 1062/1294/1150 1057/1295/1151
f 1003/1271/1132 1020/1296/1074 1019/1297/1074 995/1253/1117
f 999/1242/1107 1023/1298/1152 1022/1299/1153 996/1245/1110
f 994/1241/1106 1021/1300/1154 1023/1298/1152 999/1242/1107
f 1023/1298/1152 1025/1301/1153 1024/1302/1153 1022/1299/1153
f 1065/1266/1128 1026/1303/1155 1027/1304/1155 1064/1267/1129
f 1038/1305/1022 1039/1306/1156 1030/1307/1157 983/1308/1137
f 1044/1309/1158 1045/1310/1159 1029/1311/1160 982/1312/1161
f 1047/1313/1121 1050/1314/1162 984/1315/1130 986/1316/1130
f 1041/1317/1163 1042/1318/1164 1028/1319/975 985/1320/1023
f 1038/1305/1165 983/1308/1166 1036/1321/1167 1040/1322/1168
f 1044/1309/1169 982/1312/1170 1035/1323/1171 1046/1324/1172
f 1047/1313/1173 986/1316/1174 1033/1325/1174 1053/1326/1175
f 1041/1317/1176 985/1320/1177 1034/1327/1178 1043/1328/1179
f 985/1320/1177 1038/1305/1165 1040/1322/1168 1034/1327/1178
f 985/1320/1023 1028/1319/975 1039/1306/1156 1038/1305/1022
f 982/1312/1170 1041/1317/1176 1043/1328/1179 1035/1323/1171
f 982/1312/1161 1029/1311/1160 1042/1318/1164 1041/1317/1163
f 983/1308/1166 1049/1329/1180 1055/1330/1181 1036/1321/1167
f 1049/1329/1180 1048/1331/1182 1054/1332/1183 1055/1330/1181
f 1048/1331/1182 1047/1313/1173 1053/1326/1175 1054/1332/1183
f 983/1308/1137 1030/1307/1157 1052/1333/1184 1049/1329/1135
f 1049/1329/1135 1052/1333/1184 1051/1334/1120 1048/1331/1120
f 1048/1331/1120 1051/1334/1120 1050/1314/1162 1047/1313/1121
f 1029/1311/1160 1045/1310/1159 1058/1335/1142 1056/1336/1142
f 1028/1319/975 1063/1293/1150 1057/1295/1151 1039/1306/1156
f 1030/1307/1157 1039/1306/1156 1057/1295/1151 1059/1337/1144
f 1051/1334/1120 1060/1338/1185 1061/1339/1185 1050/1314/1162
f 1031/1290/1147 1045/1310/1159 1044/1309/1158 987/1291/1148
f 1037/1340/1186 987/1291/1187 1044/1309/1169 1046/1324/1172
f 1032/1341/1188 987/1291/1187 1037/1340/1186
f 992/1289/1146 1101/1292/1149 1108/1272/1133 1002/1273/1134
f 1225/1342/1189 1068/1343/1190 1069/1213/1191 1093/1216/1192
f 1079/1197/1193 1072/1196/1194 1214/1344/1195 1215/1345/1196
f 1080/1189/1197 1073/1188/1198 1216/1346/1198 1217/1347/1199
f 1226/1348/1200 1074/1349/1201 1075/1225/1202 1085/1228/1203
f 1084/1185/1204 1076/1184/1205 1218/1350/1206 1219/1351/1207
f 1227/1352/1208 1070/1353/1209 1071/1217/1209 1086/1220/1210
f 1076/1184/1205 1079/1197/1193 1215/1345/1196 1218/1350/1206
f 1072/1196/1194 1080/1189/1197 1217/1347/1199 1214/1344/1195
f 1073/1188/1211 1081/1200/1212 1220/1354/1213 1216/1346/1211
f 1067/1193/1214 1082/1192/1215 1221/1355/1216 1222/1356/1214
f 1082/1192/1215 1083/1202/1217 1223/1357/1218 1221/1355/1216
f 1083/1202/1217 1084/1185/1204 1219/1351/1207 1223/1357/1218
f 1081/1200/1212 1066/1182/1219 1224/1358/1219 1220/1354/1213
f 1068/1343/1190 1226/1348/1200 1085/1228/1203 1069/1213/1191
f 1074/1349/1201 1227/1352/1208 1086/1220/1210 1075/1225/1202
f 1070/1353/1220 1087/1359/1221 1088/1232/1222 1071/1217/1220
f 1228/1360/1223 1089/1361/1224 1090/1221/1225 1077/1224/1223
f 1089/1361/1224 1091/1362/1226 1092/1239/1227 1090/1221/1225
f 1091/1362/1226 1225/1342/1189 1093/1216/1192 1092/1239/1227
f 1087/1359/1221 1229/1363/1228 1078/1231/1228 1088/1232/1222
f 1115/1274/1229 1102/1276/1230 1103/1244/1231 1114/1247/1232
f 1107/1235/1233 1094/1234/1234 1095/1252/1235 1106/1255/1236
f 1105/1261/1237 1096/1260/1238 1097/1240/1239 1104/1243/1240
f 1102/1276/1230 1105/1261/1237 1104/1243/1240 1103/1244/1231
f 1096/1260/1238 1107/1235/1233 1106/1255/1236 1097/1240/1239
f 1094/1234/1234 1108/1272/1241 1109/1270/1242 1095/1252/1235
f 1098/1268/1243 1110/1257/1244 1111/1248/1245 1099/1251/1243
f 1110/1257/1244 1112/1256/1246 1113/1279/1247 1111/1248/1245
f 1112/1256/1246 1115/1274/1229 1114/1247/1232 1113/1279/1247
f 1108/1272/1241 1101/1292/1248 1100/1265/1248 1109/1270/1242
f 952/1191/1249 956/1190/1250 1121/1364/1251 1118/1365/1249
f 953/1187/1252 960/1186/1253 1125/1366/1253 1119/1367/1252
f 954/1183/1254 957/1201/1254 1122/1368/1254 1120/1369/1254
f 956/1190/1250 951/1199/1255 1117/1370/1255 1121/1364/1251
f 958/1195/1256 950/1194/1257 1116/1371/1257 1123/1372/1256
f 959/1203/1258 958/1195/1256 1123/1372/1256 1124/1373/1258
f 960/1186/1253 959/1203/1258 1124/1373/1258 1125/1366/1253
f 962/1205/1259 961/1204/1259 1126/1374/1259 1127/1375/1259
f 961/1204/1260 952/1191/1260 1118/1365/1260 1126/1374/1260
f 957/1201/1261 962/1205/1261 1127/1375/1261 1122/1368/1261
f 963/1208/1262 965/1207/1262 1130/1376/1262 1128/1377/1262
f 964/1206/1263 953/1187/1264 1119/1367/1264 1129/1378/1263
f 951/1199/1265 963/1208/1265 1128/1377/1265 1117/1370/1265
f 967/1210/1266 966/1209/1266 1131/1379/1266 1132/1380/1266
f 966/1209/1267 964/1206/1263 1129/1378/1263 1131/1379/1267
f 965/1207/1268 967/1210/1268 1132/1380/1268 1130/1376/1268
f 969/1211/1269 954/1183/1269 1120/1369/1269 1133/1381/1269
f 975/1230/1270 970/1229/1271 1134/1382/1271 1139/1383/1272
f 976/1227/1273 972/1226/1274 1136/1384/1274 1140/1385/1273
f 977/1219/1275 973/1218/1276 1137/1386/1276 1141/1387/1277
f 981/1215/1278 974/1214/1279 1138/1388/1279 1145/1389/1278
f 978/1233/1280 975/1230/1270 1139/1383/1272 1142/1390/1281
f 974/1214/1279 976/1227/1273 1140/1385/1273 1138/1388/1279
f 972/1226/1274 977/1219/1275 1141/1387/1277 1136/1384/1274
f 973/1218/1282 978/1233/1280 1142/1390/1281 1137/1386/1282
f 971/1223/1283 979/1222/1284 1143/1391/1284 1135/1392/1283
f 979/1222/1284 980/1238/1285 1144/1393/1285 1143/1391/1284
f 980/1238/1285 981/1215/1278 1145/1389/1278 1144/1393/1285
f 989/1263/1286 998/1262/1287 1156/1394/1287 1148/1395/1288
f 1052/1333/1289 1030/1307/1290 1186/1396/1290 1201/1397/1289
f 1042/1318/1291 1029/1311/1292 1185/1398/1292 1195/1399/1291
f 991/1277/1293 1006/1275/1293 1163/1400/1293 1149/1401/1293
f 992/1289/1294 1002/1273/1294 1159/1402/1294 1150/1403/1294
f 1001/1254/1295 995/1253/1296 1153/1404/1296 1158/1405/1295
f 1009/1246/1297 996/1245/1298 1154/1406/1298 1166/1407/1297
f 1003/1271/1299 997/1264/1299 1155/1408/1299 1160/1409/1299
f 1000/1236/1300 989/1263/1286 1148/1395/1288 1157/1410/1300
f 994/1241/1301 1001/1254/1295 1158/1405/1295 1152/1411/1301
f 1004/1258/1302 988/1269/1303 1147/1412/1303 1161/1413/1302
f 1005/1259/1304 1004/1258/1302 1161/1413/1302 1162/1414/1304
f 993/1250/1305 1007/1249/1306 1164/1415/1306 1151/1416/1305
f 1007/1249/1306 1008/1278/1307 1165/1417/1307 1164/1415/1306
f 1008/1278/1307 1009/1246/1297 1166/1407/1297 1165/1417/1307
f 1012/1281/1308 1010/1280/1308 1167/1418/1308 1169/1419/1308
f 1002/1273/1309 1012/1281/1309 1169/1419/1309 1159/1402/1309
f 1011/1282/1310 1000/1236/1311 1157/1410/1311 1168/1420/1310
f 1014/1284/1312 1013/1283/1312 1170/1421/1312 1171/1422/1312
f 998/1262/1313 1014/1284/1313 1171/1422/1313 1156/1394/1313
f 1013/1283/1314 991/1277/1314 1149/1401/1314 1170/1421/1314
f 1016/1286/1315 1015/1285/1315 1172/1423/1315 1173/1424/1315
f 1006/1275/1316 1016/1286/1316 1173/1424/1316 1163/1400/1316
f 1015/1285/1317 1005/1259/1317 1162/1414/1317 1172/1423/1317
f 1017/1288/1318 1018/1287/1318 1175/1425/1318 1174/1426/1318
f 1010/1280/1319 1017/1288/1319 1174/1426/1319 1167/1418/1319
f 1018/1287/1320 1011/1282/1310 1168/1420/1310 1175/1425/1320
f 1031/1290/1321 992/1289/1321 1150/1403/1321 1187/1427/1321
f 1019/1297/1322 1020/1296/1322 1177/1428/1322 1176/1429/1322
f 995/1253/1323 1019/1297/1323 1176/1429/1323 1153/1404/1323
f 1020/1296/1324 1003/1271/1324 1160/1409/1324 1177/1428/1324
f 1023/1298/1325 1021/1300/1325 1178/1430/1325 1180/1431/1325
f 996/1245/1326 1022/1299/1327 1179/1432/1327 1154/1406/1326
f 1021/1300/1328 994/1241/1328 1152/1411/1328 1178/1430/1328
f 1024/1302/1329 1025/1301/1329 1182/1433/1329 1181/1434/1329
f 1022/1299/1327 1024/1302/1330 1181/1434/1330 1179/1432/1327
f 1025/1301/1331 1023/1298/1331 1180/1431/1331 1182/1433/1331
f 997/1264/1332 1064/1267/1333 1213/1435/1334 1155/1408/1332
f 1045/1310/1335 1031/1290/1335 1187/1427/1335 1197/1436/1335
f 1032/1341/1336 1037/1340/1337 1193/1437/1337 1188/1438/1336
f 1034/1327/1338 1040/1322/1339 1194/1439/1339 1190/1440/1338
f 1035/1323/1340 1043/1328/1341 1196/1441/1341 1191/1442/1340
f 1036/1321/1342 1055/1330/1343 1204/1443/1343 1192/1444/1342
f 1037/1340/1337 1046/1324/1344 1198/1445/1345 1193/1437/1337
f 1040/1322/1339 1036/1321/1342 1192/1444/1342 1194/1439/1339
f 1028/1319/1346 1042/1318/1291 1195/1399/1291 1184/1446/1346
f 1043/1328/1341 1034/1327/1338 1190/1440/1338 1196/1441/1341
f 1046/1324/1344 1035/1323/1340 1191/1442/1340 1198/1445/1345
f 984/1315/1347 1050/1314/1348 1199/1447/1349 1146/1448/1347
f 1051/1334/1350 1052/1333/1289 1201/1397/1289 1200/1449/1350
f 1053/1326/1351 1033/1325/1352 1189/1450/1352 1202/1451/1351
f 1054/1332/1353 1053/1326/1351 1202/1451/1351 1203/1452/1353
f 1055/1330/1343 1054/1332/1353 1203/1452/1353 1204/1443/1343
f 1056/1336/1354 1058/1335/1354 1207/1453/1354 1205/1454/1354
f 1058/1335/1355 1045/1310/1355 1197/1436/1355 1207/1453/1355
f 1029/1311/1356 1056/1336/1356 1205/1454/1356 1185/1398/1356
f 1030/1307/1357 1059/1337/1357 1208/1455/1357 1186/1396/1357
f 1060/1338/1358 1051/1334/1358 1200/1449/1358 1209/1456/1358
f 1061/1339/1359 1060/1338/1359 1209/1456/1359 1210/1457/1359
f 1050/1314/1348 1061/1339/1360 1210/1457/1360 1199/1447/1349
f 1057/1295/1361 1062/1294/1361 1211/1458/1361 1206/1459/1361
f 1062/1294/1362 1063/1293/1362 1212/1460/1362 1211/1458/1362
f 1063/1293/1363 1028/1319/1363 1184/1446/1363 1212/1460/1363
f 1059/1337/1364 1057/1295/1364 1206/1459/1364 1208/1455/1364
f 1064/1267/1333 1027/1304/1365 1183/1461/1365 1213/1435/1334
o 立方体.002
v -1.211373 1.410123 1.276136
v 1.545329 1.410013 1.276242
v 1.345849 1.816760 1.300207
v 0.821785 2.558809 1.340391
v 0.801144 2.414610 0.342303
v -0.487887 2.558810 1.340420
v -1.011949 1.816756 1.300202
v -0.469256 2.418435 0.410675
v -1.329354 1.060771 1.252569
v 1.663069 1.061161 1.251848
v -1.229191 1.446441 1.765580
v 1.563093 1.446432 1.765525
v 1.372237 1.861002 1.832259
v 0.821899 2.673070 1.924499
v -0.487997 2.673070 1.924499
v -1.038334 1.861002 1.832259
v 1.628228 1.164571 1.259397
v 1.694884 1.069819 1.696501
v -1.189601 1.377166 0.776225
v 1.325799 1.773416 0.760686
v 0.819446 2.484463 0.874756
v -0.995325 1.779715 0.845155
v -0.478268 2.493727 0.875056
v -0.761457 2.199269 1.321501
v -0.777890 2.278270 1.888342
v -0.748211 2.149061 0.860916
v 1.095358 2.199272 1.321507
v 1.111793 2.278270 1.888342
v 1.082176 2.148977 0.860922
v 0.513161 2.862597 1.354974
v 0.503454 2.704983 0.418799
v 0.513619 3.016307 1.945267
v 0.507761 2.777049 0.886699
v -0.169593 2.704946 0.418791
v -0.179243 2.862615 1.354992
v -0.179716 3.016307 1.945267
v -0.173855 2.777043 0.886650
v -0.165460 2.675370 0.012380
v -0.735810 2.099102 0.435800
v -0.465282 2.407750 0.238408
v -1.313220 1.050147 0.906939
v -0.986463 1.761401 0.612644
v 1.530419 1.387777 0.935841
v 0.500066 2.681611 0.096281
v 1.073496 2.114558 0.566860
v -1.331490 1.154254 1.712493
v -1.287113 1.186000 1.261090
v 1.616808 1.152129 1.000850
v -1.160558 1.388931 1.279832
v 1.494460 1.388931 1.279832
v 0.166951 3.083704 1.380864
v 0.166951 2.907387 0.432272
v 1.298082 1.789476 1.304546
v 0.780665 2.522644 1.347187
v 0.761548 2.376572 0.347805
v -0.446762 2.522644 1.347187
v -0.964179 1.789476 1.304546
v -0.428939 2.381060 0.415433
v -1.277356 1.042570 1.255718
v 1.611259 1.042570 1.255718
v -1.178550 1.424856 1.769400
v 1.512453 1.424856 1.769400
v 0.166951 3.271390 1.965865
v 1.324544 1.833642 1.836927
v 0.780665 2.637197 1.932105
v -0.446762 2.637197 1.932105
v -0.990641 1.833641 1.836927
v 1.576259 1.146360 1.262944
v 1.643073 1.051228 1.700371
v -1.139092 1.355232 0.779801
v 0.166951 2.976222 0.906568
v 1.278613 1.745129 0.764959
v 0.778937 2.447499 0.880896
v -0.947754 1.752064 0.849329
v -0.437851 2.456682 0.881310
v -0.716684 2.167444 1.326750
v -0.733113 2.246535 1.894079
v -0.703853 2.116632 0.865982
v 1.050586 2.167444 1.326750
v 1.067016 2.246536 1.894079
v 1.037755 2.116632 0.865982
v 0.476350 2.822497 1.364025
v 0.467364 2.663547 0.423852
v 0.476350 2.976971 1.955695
v 0.471857 2.735775 0.893939
v -0.133462 2.663547 0.423852
v -0.142447 2.822497 1.364025
v -0.142447 2.976971 1.955695
v -0.137954 2.735775 0.893939
v -0.129562 2.633600 0.015784
v -0.692015 2.065917 0.440877
v 0.166951 2.860039 -0.157464
v -0.425615 2.369528 0.241666
v -1.261222 1.031946 0.910088
v -0.939371 1.732968 0.616983
v 1.479848 1.365991 0.939438
v 0.464266 2.639756 0.099679
v 1.029577 2.081594 0.572287
v -1.279567 1.135906 1.716016
v -1.235110 1.167850 1.264440
v 1.564737 1.134168 1.004175
v 0.219571 3.150298 1.365754
v 0.114326 3.150293 1.365756
v 0.202386 2.976177 0.424868
v 0.131508 2.976171 0.424867
v 0.243810 3.335179 1.949854
v 0.090087 3.335170 1.949854
v 0.123766 3.045013 0.895337
v 0.210130 3.045019 0.895343
v 0.121009 2.930654 -0.179439
v 0.206430 2.931775 -0.168963
vn -0.6753 0.7358 -0.0504
vn -0.6803 0.7310 -0.0538
vn -0.6771 0.7306 -0.0886
vn -0.6691 0.7381 -0.0870
vn -0.6968 0.6928 -0.1857
vn -0.6956 0.7001 -0.1615
vn -0.7128 0.6763 -0.1859
vn -0.7141 0.6685 -0.2078
vn 0.1442 0.0900 0.9855
vn 0.0935 0.1474 0.9847
vn -0.0000 0.1570 0.9876
vn 0.1449 0.0889 0.9854
vn 0.8050 0.5862 -0.0918
vn 0.7958 0.5974 -0.0985
vn 0.7177 0.6892 -0.0999
vn 0.7341 0.6699 -0.1113
vn -0.9153 0.3976 -0.0649
vn -0.9208 0.3842 -0.0670
vn -0.8657 0.4943 -0.0787
vn -0.8621 0.5010 -0.0757
vn -0.8039 0.5877 -0.0918
vn -0.8114 0.5768 -0.0951
vn -0.7453 0.6554 -0.1226
vn -0.7324 0.6713 -0.1133
vn 0.9218 0.3822 -0.0651
vn 0.8657 0.4944 -0.0786
vn 0.8644 0.4957 -0.0846
vn 0.9177 0.3911 -0.0702
vn -0.8644 0.4957 -0.0846
vn -0.8114 0.5751 -0.1040
vn -0.9423 0.3293 -0.0608
vn -0.9408 0.3328 -0.0638
vn -0.9177 0.3913 -0.0692
vn -0.6746 0.7264 -0.1313
vn -0.6688 0.7302 -0.1401
vn 0.8113 0.5768 -0.0950
vn 0.7452 0.6554 -0.1232
vn 0.7473 0.6500 -0.1378
vn 0.8114 0.5751 -0.1040
vn -0.7473 0.6500 -0.1378
vn 0.9389 0.3371 -0.0701
vn 0.9417 0.3304 -0.0643
vn 0.9164 0.3950 -0.0653
vn 0.8552 0.5125 -0.0774
vn 0.6958 0.6997 -0.1618
vn 0.6968 0.6928 -0.1857
vn 0.7141 0.6685 -0.2078
vn 0.7128 0.6763 -0.1859
vn 0.6754 0.7320 -0.0895
vn 0.6774 0.7335 -0.0560
vn 0.6715 0.7390 -0.0542
vn 0.6673 0.7395 -0.0886
vn 0.6746 0.7265 -0.1304
vn -0.7307 0.6772 -0.0863
vn -0.7937 0.6013 -0.0921
vn -0.8534 0.5153 -0.0787
vn -0.7189 0.6926 -0.0590
vn 0.6688 0.7302 -0.1401
vn 0.9435 0.3259 -0.0603
vn -0.9422 0.3301 -0.0572
vn -0.6540 -0.7509 0.0916
vn -0.0000 -0.9930 0.1182
vn 0.0634 -0.9948 0.0802
vn -0.6488 -0.7585 0.0616
vn 0.6506 -0.7478 0.1321
vn -0.0000 -0.9835 0.1807
vn -0.0000 -0.9691 0.2467
vn 0.6668 -0.7270 0.1637
vn -0.6506 -0.7480 0.1312
vn -0.8050 -0.5862 0.0917
vn -0.7341 -0.6699 0.1113
vn -0.7176 -0.6893 0.0997
vn -0.7959 -0.5974 0.0983
vn 0.9153 -0.3975 0.0648
vn 0.8621 -0.5011 0.0757
vn 0.8657 -0.4944 0.0787
vn 0.9209 -0.3840 0.0670
vn 0.8039 -0.5877 0.0918
vn 0.7324 -0.6713 0.1133
vn 0.7453 -0.6554 0.1226
vn 0.8114 -0.5767 0.0951
vn -0.9218 -0.3821 0.0651
vn -0.9177 -0.3910 0.0702
vn -0.8643 -0.4958 0.0846
vn -0.8656 -0.4944 0.0786
vn 0.8115 -0.5751 0.1040
vn 0.8643 -0.4958 0.0846
vn 0.9177 -0.3912 0.0692
vn 0.9409 -0.3325 0.0638
vn 0.9424 -0.3289 0.0607
vn -0.6671 -0.7267 0.1640
vn -0.6754 -0.7128 0.1890
vn -0.0000 -0.9602 0.2792
vn -0.8114 -0.5768 0.0950
vn -0.8115 -0.5751 0.1040
vn -0.7472 -0.6501 0.1378
vn -0.7452 -0.6554 0.1232
vn 0.6754 -0.7128 0.1890
vn 0.7472 -0.6501 0.1378
vn -0.7166 -0.2048 -0.6667
vn -0.9389 -0.3369 0.0701
vn -0.9208 -0.3002 -0.2491
vn -0.8551 -0.5126 0.0774
vn -0.9165 -0.3948 0.0652
vn 0.6548 -0.7502 0.0917
vn 0.7306 -0.6773 0.0862
vn 0.7937 -0.6014 0.0920
vn 0.8534 -0.5153 0.0786
vn 0.6505 -0.7570 0.0617
vn 0.7188 -0.6927 0.0590
vn -0.9436 -0.3255 0.0602
vn 0.9423 -0.3298 0.0571
vn -0.0860 0.0420 -0.9954
vn -0.1378 -0.0726 0.9878
vn -0.1290 -0.1178 0.9846
vn -0.1290 -0.1180 0.9846
vn -0.1378 -0.0731 0.9878
vn -0.0935 0.1474 0.9847
vn -0.1442 0.0900 0.9855
vn -0.1449 0.0889 0.9854
vn 0.1313 -0.1174 0.9844
vn 0.1381 -0.0725 0.9878
vn 0.1380 -0.0730 0.9877
vn 0.1312 -0.1176 0.9844
vn 0.1426 -0.0171 0.9896
vn 0.1495 0.0440 0.9878
vn 0.1493 0.0430 0.9879
vn 0.1426 -0.0175 0.9896
vn -0.1495 0.0440 0.9878
vn -0.1493 0.0430 0.9879
vn -0.1426 -0.0171 0.9896
vn -0.1426 -0.0175 0.9896
vn 0.1276 -0.1361 0.9824
vn -0.1236 -0.1368 0.9829
vn 0.3374 -0.9414 -0.0058
vn -0.2827 -0.3786 -0.8813
vn -0.0895 -0.3186 -0.9437
vn 0.1012 -0.3625 -0.9265
vn -0.2841 -0.3786 -0.8809
vn -0.3311 -0.9435 0.0135
vn -0.0745 -0.3470 -0.9349
vn -0.0887 -0.3462 -0.9340
vn -0.0885 -0.3462 -0.9340
vn 0.1398 -0.3781 -0.9151
vn 0.0732 -0.3107 -0.9477
vn 0.0728 -0.3101 -0.9479
vn 0.1394 -0.3779 -0.9153
vn -0.1288 -0.3569 -0.9252
vn -0.1284 -0.3567 -0.9254
vn -0.2783 -0.3772 -0.8833
vn -0.2774 -0.3772 -0.8836
vn 0.2904 -0.3175 -0.9027
vn 0.3790 -0.3985 -0.8352
vn 0.3776 -0.3989 -0.8356
vn 0.2092 -0.4107 -0.8875
vn 0.2089 -0.4105 -0.8876
vn -0.1940 -0.3726 -0.9075
vn -0.1935 -0.3726 -0.9076
vn 0.2940 -0.4199 -0.8586
vn 0.2925 -0.4202 -0.8590
vn 0.0339 -0.2557 -0.9662
vn -0.0771 -0.0426 0.9961
vn -0.3240 -0.9410 -0.0982
vn 0.3300 -0.9435 0.0303
vn -0.0001 0.9833 -0.1821
vn -0.0011 0.9939 -0.1100
vn -0.0011 0.9939 -0.1099
vn -0.0001 0.9653 -0.2611
vn -0.0001 0.9534 -0.3018
vn -0.0022 0.9972 -0.0748
vt 0.201993 0.984568
vt 0.180943 0.974689
vt 0.180865 0.952128
vt 0.203634 0.950402
vt 0.204522 0.895730
vt 0.181683 0.899248
vt 0.182796 0.865357
vt 0.204646 0.861035
vt 0.807303 0.877730
vt 0.823694 0.871068
vt 0.826210 0.875093
vt 0.807902 0.880200
vt 0.278868 0.937273
vt 0.277194 0.953633
vt 0.252541 0.961876
vt 0.255275 0.932267
vt 0.085133 0.942769
vt 0.082466 0.915007
vt 0.107448 0.910598
vt 0.109300 0.935858
vt 0.133844 0.932086
vt 0.132666 0.906469
vt 0.157633 0.902581
vt 0.158160 0.928563
vt 0.331358 0.921550
vt 0.306322 0.916962
vt 0.309337 0.887398
vt 0.333041 0.894475
vt 0.105305 0.880978
vt 0.131854 0.874726
vt 0.069445 0.917551
vt 0.063952 0.892656
vt 0.080705 0.887740
vt 0.181484 0.925783
vt 0.204108 0.923316
vt 0.281320 0.911706
vt 0.256690 0.906236
vt 0.258227 0.873284
vt 0.283777 0.880014
vt 0.158221 0.869620
vt 0.351870 0.924752
vt 0.345756 0.924090
vt 0.354223 0.899990
vt 0.329439 0.940538
vt 0.303122 0.946852
vt 0.232971 0.901179
vt 0.210452 0.895968
vt 0.212830 0.861311
vt 0.234236 0.867276
vt 0.230238 0.953939
vt 0.228797 0.971729
vt 0.206651 0.984124
vt 0.207611 0.950546
vt 0.231458 0.927655
vt 0.157808 0.954596
vt 0.134670 0.955834
vt 0.110237 0.948809
vt 0.158348 0.964096
vt 0.209030 0.923507
vt 0.344097 0.938617
vt 0.064986 0.938445
vt 0.062210 0.919383
vt 0.809898 0.952045
vt 0.827738 0.949664
vt 0.828364 0.977315
vt 0.810859 0.966849
vt 0.845362 0.929342
vt 0.827275 0.927148
vt 0.826839 0.904119
vt 0.845365 0.907348
vt 0.809277 0.930205
vt 0.770564 0.937446
vt 0.789844 0.933667
vt 0.791547 0.958148
vt 0.771651 0.950929
vt 0.923426 0.944340
vt 0.904056 0.938227
vt 0.905903 0.917401
vt 0.926439 0.921199
vt 0.884098 0.934919
vt 0.864316 0.931844
vt 0.864912 0.910416
vt 0.885262 0.913847
vt 0.727742 0.923774
vt 0.727336 0.901113
vt 0.746580 0.895863
vt 0.748372 0.920337
vt 0.886050 0.887685
vt 0.907554 0.892866
vt 0.927388 0.898166
vt 0.940276 0.902932
vt 0.937594 0.923224
vt 0.808477 0.908222
vt 0.768929 0.916369
vt 0.767456 0.890216
vt 0.788302 0.884957
vt 0.789105 0.912166
vt 0.844767 0.879335
vt 0.864705 0.883214
vt 0.709937 0.924291
vt 0.710470 0.905293
vt 0.715328 0.926047
vt 0.750708 0.945061
vt 0.729469 0.939683
vt 0.845649 0.951192
vt 0.864414 0.953391
vt 0.883261 0.954472
vt 0.903160 0.948910
vt 0.845337 0.969845
vt 0.863958 0.961312
vt 0.718135 0.937394
vt 0.943190 0.927052
vt 0.939455 0.941161
vt 0.712773 0.927571
vt 0.707254 0.925249
vt 0.908141 0.890397
vt 0.928166 0.895761
vt 0.828518 0.870950
vt 0.845242 0.876838
vt 0.726712 0.898662
vt 0.745948 0.893402
vt 0.766836 0.887769
vt 0.787743 0.882490
vt 0.865147 0.880723
vt 0.886577 0.885215
vt 0.708415 0.903448
vt 0.942663 0.901511
vt 0.846355 0.972150
vt 0.829771 0.981122
vt 0.945948 0.926652
vt 0.941170 0.943210
vt 0.923976 0.946808
vt 0.750076 0.947523
vt 0.728828 0.942134
vt 0.903759 0.951383
vt 0.864879 0.963676
vt 0.826695 0.980784
vt 0.809725 0.969111
vt 0.770897 0.953335
vt 0.884002 0.956878
vt 0.790662 0.960520
vt 0.716428 0.939400
vt 0.940440 0.922592
s 1
f 1339/1462/1366 1267/1463/1367 1263/1464/1368 1334/1465/1369
f 1332/1466/1370 1264/1467/1371 1265/1468/1372 1336/1469/1373
f 1261/1470/1374 1335/1471/1375 1292/1472/1376 1313/1473/1377
f 1258/1474/1378 1274/1475/1379 1234/1476/1380 1250/1477/1381
f 1248/1478/1382 1230/1479/1383 1236/1480/1384 1251/1481/1385
f 1255/1482/1386 1253/1483/1387 1235/1484/1388 1252/1485/1389
f 1231/1486/1390 1232/1487/1391 1242/1488/1392 1241/1489/1393
f 1253/1483/1387 1236/1480/1384 1245/1490/1394 1254/1491/1395
f 1230/1479/1383 1276/1492/1396 1275/1493/1397 1240/1494/1398
f 1266/1495/1399 1264/1467/1371 1332/1466/1370 1337/1496/1400
f 1236/1480/1384 1230/1479/1383 1240/1494/1398 1245/1490/1394
f 1256/1497/1401 1233/1498/1402 1243/1499/1403 1257/1500/1404
f 1264/1467/1371 1235/1484/1388 1244/1501/1405 1265/1468/1372
f 1239/1502/1406 1246/1503/1407 1241/1489/1393 1247/1504/1406
f 1230/1479/1383 1248/1478/1382 1276/1492/1396
f 1256/1497/1401 1258/1474/1378 1250/1477/1381 1233/1498/1402
f 1231/1486/1390 1272/1505/1408 1249/1506/1409 1232/1487/1391
f 1259/1507/1410 1331/1508/1411 1335/1509/1412 1261/1510/1413
f 1260/1511/1414 1273/1512/1415 1340/1513/1416 1333/1514/1417
f 1235/1484/1388 1253/1483/1387 1254/1491/1395 1244/1501/1405
f 1251/1481/1385 1236/1480/1384 1253/1483/1387 1255/1482/1386
f 1232/1487/1391 1249/1506/1409 1258/1474/1378 1256/1497/1401
f 1232/1487/1391 1256/1497/1401 1257/1500/1404 1242/1488/1392
f 1249/1506/1409 1274/1475/1379 1258/1474/1378
f 1233/1498/1402 1250/1477/1381 1262/1515/1418 1259/1507/1410
f 1233/1498/1402 1259/1507/1410 1261/1510/1413 1243/1499/1403
f 1250/1477/1381 1234/1476/1380 1260/1511/1414 1262/1515/1418
f 1234/1476/1380 1273/1512/1415 1260/1511/1414
f 1237/1516/1419 1252/1485/1389 1266/1495/1399 1263/1464/1368
f 1263/1464/1368 1266/1495/1399 1337/1496/1400 1334/1465/1369
f 1252/1485/1389 1235/1484/1388 1264/1467/1371 1266/1495/1399
f 1268/1517/1420 1255/1482/1386 1252/1485/1389 1237/1516/1419
f 1271/1518/1421 1248/1478/1382 1251/1481/1385
f 1268/1517/1420 1271/1518/1421 1251/1481/1385 1255/1482/1386
f 1267/1463/1367 1269/1519/1422 1237/1516/1419 1263/1464/1368
f 1262/1515/1418 1260/1511/1414 1333/1514/1417 1338/1520/1423
f 1269/1519/1422 1268/1517/1420 1237/1516/1419
f 1246/1503/1407 1277/1521/1424 1272/1505/1408 1231/1486/1390
f 1276/1492/1396 1248/1478/1382 1270/1522/1425 1238/1523/1425
f 1241/1489/1393 1246/1503/1407 1231/1486/1390
f 1312/1524/1426 1281/1525/1427 1321/1526/1428 1326/1527/1429
f 1318/1528/1430 1300/1529/1431 1280/1530/1432 1316/1531/1433
f 1314/1532/1434 1300/1529/1431 1281/1525/1427 1312/1524/1426
f 1310/1533/1435 1302/1534/1436 1284/1535/1437 1327/1536/1438
f 1299/1537/1439 1303/1538/1440 1286/1539/1441 1278/1540/1442
f 1307/1541/1443 1304/1542/1444 1285/1543/1445 1305/1544/1446
f 1279/1545/1447 1291/1546/1448 1293/1547/1449 1282/1548/1450
f 1305/1544/1446 1306/1549/1451 1296/1550/1452 1286/1539/1441
f 1278/1540/1442 1290/1551/1453 1328/1552/1454 1329/1553/1455
f 1311/1554/1456 1313/1473/1457 1292/1472/1458 1280/1530/1432
f 1286/1539/1441 1296/1550/1452 1290/1551/1453 1278/1540/1442
f 1308/1555/1459 1309/1556/1460 1294/1557/1461 1283/1558/1462
f 1316/1531/1433 1317/1559/1463 1295/1560/1464 1285/1543/1445
f 1289/1561/1465 1298/1562/1466 1291/1546/1448 1297/1563/1467
f 1278/1540/1442 1329/1553/1455 1299/1537/1439
f 1308/1555/1459 1283/1558/1462 1302/1534/1436 1310/1533/1435
f 1279/1545/1447 1282/1548/1450 1301/1564/1468 1325/1565/1469
f 1311/1554/1456 1280/1530/1432 1300/1529/1431 1314/1532/1434
f 1315/1566/1470 1281/1525/1427 1300/1529/1431 1318/1528/1430
f 1285/1543/1445 1295/1560/1464 1306/1549/1451 1305/1544/1446
f 1303/1538/1440 1307/1541/1443 1305/1544/1446 1286/1539/1441
f 1282/1548/1450 1308/1555/1459 1310/1533/1435 1301/1564/1468
f 1282/1548/1450 1293/1547/1449 1309/1556/1460 1308/1555/1459
f 1301/1564/1468 1310/1533/1435 1327/1536/1438
f 1283/1558/1462 1311/1554/1456 1314/1532/1434 1302/1534/1436
f 1283/1558/1462 1294/1557/1461 1313/1473/1457 1311/1554/1456
f 1302/1534/1436 1314/1532/1434 1312/1524/1426 1284/1535/1437
f 1284/1535/1437 1312/1524/1426 1326/1527/1429
f 1287/1567/1471 1315/1566/1470 1318/1528/1430 1304/1542/1444
f 1280/1530/1432 1292/1472/1458 1317/1559/1463 1316/1531/1433
f 1304/1542/1444 1318/1528/1430 1316/1531/1433 1285/1543/1445
f 1320/1568/1472 1287/1567/1471 1304/1542/1444 1307/1541/1443
f 1324/1569/1473 1303/1538/1440 1299/1537/1439
f 1320/1568/1472 1307/1541/1443 1303/1538/1440 1324/1569/1473
f 1319/1570/1474 1315/1566/1470 1287/1567/1471 1322/1571/1475
f 1321/1526/1428 1281/1525/1427 1315/1566/1470 1319/1570/1474
f 1322/1571/1475 1287/1567/1471 1320/1568/1472
f 1297/1563/1467 1279/1545/1447 1325/1565/1469 1330/1572/1476
f 1329/1553/1455 1288/1573/1477 1323/1574/1477 1299/1537/1439
f 1291/1546/1448 1279/1545/1447 1297/1563/1467
f 1246/1575/1478 1239/1576/1478 1289/1561/1465 1297/1563/1467
f 1245/1577/1479 1240/1578/1480 1290/1551/1481 1296/1550/1482
f 1292/1472/1376 1336/1579/1483 1265/1580/1484 1317/1559/1485
f 1241/1581/1486 1242/1582/1487 1293/1547/1488 1291/1546/1489
f 1257/1583/1490 1243/1584/1491 1294/1557/1492 1309/1556/1493
f 1265/1580/1484 1244/1585/1494 1295/1560/1495 1317/1559/1485
f 1254/1586/1496 1245/1577/1479 1296/1550/1482 1306/1549/1497
f 1247/1587/1498 1241/1581/1486 1291/1546/1489 1298/1562/1498
f 1240/1578/1480 1275/1588/1499 1328/1552/1499 1290/1551/1481
f 1239/1576/1500 1247/1587/1500 1298/1562/1500 1289/1561/1500
f 1244/1585/1494 1254/1586/1496 1306/1549/1497 1295/1560/1495
f 1242/1582/1487 1257/1583/1490 1309/1556/1493 1293/1547/1488
f 1243/1584/1491 1261/1470/1374 1313/1473/1377 1294/1557/1492
f 1267/1589/1501 1339/1590/1502 1321/1526/1503 1319/1570/1504
f 1238/1591/1505 1270/1592/1505 1323/1574/1505 1288/1573/1505
f 1270/1592/1506 1248/1593/1507 1299/1537/1508 1323/1574/1506
f 1249/1594/1509 1272/1595/1510 1325/1565/1511 1301/1564/1512
f 1248/1593/1507 1271/1596/1513 1324/1569/1514 1299/1537/1508
f 1269/1597/1515 1267/1589/1501 1319/1570/1504 1322/1571/1516
f 1321/1526/1503 1340/1598/1517 1273/1599/1518 1326/1527/1519
f 1274/1600/1520 1249/1594/1509 1301/1564/1512 1327/1536/1521
f 1268/1601/1522 1269/1597/1515 1322/1571/1516 1320/1568/1523
f 1234/1602/1524 1274/1600/1520 1327/1536/1521 1284/1535/1525
f 1273/1599/1518 1234/1602/1524 1284/1535/1525 1326/1527/1519
f 1271/1596/1513 1268/1601/1522 1320/1568/1523 1324/1569/1514
f 1272/1595/1510 1277/1603/1526 1330/1572/1526 1325/1565/1511
f 1276/1604/1527 1238/1591/1527 1288/1573/1527 1329/1553/1527
f 1275/1588/1528 1276/1604/1528 1329/1553/1528 1328/1552/1528
f 1277/1603/1529 1246/1575/1529 1297/1563/1529 1330/1572/1529
f 1335/1471/1375 1336/1579/1483 1292/1472/1376
f 1339/1590/1502 1340/1598/1517 1321/1526/1503
f 1338/1520/1530 1333/1514/1531 1334/1465/1532 1337/1496/1530
f 1332/1466/1533 1336/1469/1534 1335/1509/1534 1331/1508/1533
f 1331/1508/1533 1338/1520/1530 1337/1496/1530 1332/1466/1533
f 1333/1514/1531 1340/1513/1535 1339/1462/1535 1334/1465/1532
f 1259/1507/1410 1262/1515/1418 1338/1520/1423 1331/1508/1411
o 立方体.007
v 0.168073 3.178925 1.492542
v 0.351167 2.926685 1.464503
v 0.414084 2.929017 1.905430
v -0.014605 2.926639 1.464486
v -0.078422 2.928950 1.905378
v 0.503895 2.965298 2.453247
v -0.168168 2.965233 2.453254
v 0.069158 1.723939 1.366752
v 0.073327 1.495404 1.348657
v 0.263236 1.495404 1.348657
v 0.267405 1.723939 1.366752
v 1.208161 1.982009 1.386853
v 1.059534 2.211549 1.403466
v 0.889292 2.193642 1.403944
v 0.958125 1.987565 1.387627
v 0.708663 1.937504 1.383662
v 0.626210 2.106802 1.397067
v 0.533864 1.812899 1.373796
v 0.433537 1.943436 1.384132
v -0.871598 1.982009 1.386852
v -0.722971 2.211549 1.403466
v -0.552729 2.193642 1.403944
v -0.621561 1.987565 1.387626
v -0.372100 1.937504 1.383662
v -0.289647 2.106802 1.397067
v -0.197301 1.812899 1.373796
v -0.096974 1.943436 1.384132
v 0.168071 3.134351 1.525071
v 0.167500 3.193498 1.932032
v 0.328331 2.890405 1.511206
v 0.369250 2.897544 1.912095
v 0.008232 2.890405 1.511206
v -0.033550 2.897544 1.912095
v 0.167454 3.333943 2.522975
v 0.459825 2.933210 2.461799
v -0.124050 2.933210 2.461799
v 0.069158 1.719627 1.421765
v 0.073327 1.491048 1.403666
v 0.263236 1.491048 1.403666
v 0.267405 1.719627 1.421765
v 1.208442 1.977989 1.441887
v 1.059816 2.207529 1.458500
v 0.889422 2.189442 1.458965
v 0.958285 1.983401 1.442651
v 0.708663 1.933149 1.438672
v 0.626210 2.102447 1.452077
v 0.533864 1.808543 1.428805
v 0.433537 1.939080 1.439141
v -0.871880 1.977989 1.441886
v -0.723253 2.207529 1.458500
v -0.552859 2.189442 1.458965
v -0.621722 1.983401 1.442650
v -0.372100 1.933149 1.438672
v -0.289647 2.102447 1.452077
v -0.197301 1.808543 1.428805
v -0.096974 1.939080 1.439141
v 0.167514 3.230945 1.886231
v 0.210010 3.377883 2.503645
v 0.124911 3.377822 2.503639
v -0.800644 -0.000001 1.194595
v -1.160558 1.400524 1.279832
v 1.494460 1.400524 1.279832
v 0.166951 3.083703 1.380864
v 0.780665 2.522643 1.347186
v -0.446762 2.522643 1.347187
v -0.850197 0.464671 1.223008
v -0.915448 0.774748 1.241835
v 1.507946 1.401642 1.272094
v -1.176377 1.401643 1.272092
v -1.073619 1.644533 1.284904
v 1.409272 1.644533 1.284905
v 1.520423 1.406345 1.522407
v -1.194829 1.406345 1.517177
v 0.772985 1.401642 1.272093
v -0.269348 1.413001 1.272092
v -0.247325 1.596481 1.284904
v 0.738706 1.605363 1.284905
v 0.772985 1.406345 1.476154
v -0.269348 1.417246 1.476153
v 0.699058 1.059023 1.370508
v -0.339839 1.059023 1.370509
v 0.704132 1.063644 0.851845
v -0.347341 1.063644 0.851845
v -0.362991 1.306535 0.851845
v 0.747489 1.293050 0.851845
v 0.375435 1.069782 1.371516
v 0.096138 1.069782 1.371516
v 0.375435 1.069766 0.851845
v 0.096138 1.069766 0.851845
v 0.124358 1.263680 0.851845
v 0.378930 1.264809 0.851845
v -0.996839 1.079068 1.260313
v -0.243265 1.079068 1.260313
v -0.225633 0.774748 1.241835
v -0.180556 -0.000001 1.194595
v -0.207668 0.464671 1.223008
v 0.590171 1.079068 1.260313
v 0.569061 0.774748 1.241835
v 0.515093 -0.000001 1.194595
v 0.547552 0.464671 1.223008
v -0.200292 1.079068 0.890889
v -0.182660 0.774748 0.872410
v -0.137583 -0.000001 0.825171
v -0.164695 0.464671 0.853583
v 0.537832 1.079068 0.890889
v 0.516722 0.774748 0.872410
v 0.462754 -0.000001 0.825171
v 0.495213 0.464671 0.853583
v -0.243265 1.079068 1.124753
v -0.225633 0.774748 1.106275
v -0.180556 -0.000001 1.059036
v -0.207668 0.464671 1.087448
v 0.590171 1.079068 1.124753
v 0.569061 0.774748 1.106275
v 0.515093 -0.000001 1.059036
v 0.547552 0.464671 1.087448
v -0.200292 1.079068 1.014194
v -0.182660 0.774748 0.995716
v -0.137583 -0.000001 0.948476
v -0.164695 0.464671 0.976888
v 0.537832 1.079068 1.014194
v 0.516722 0.774748 0.995716
v 0.462754 -0.000001 0.948476
v 0.495213 0.464671 0.976888
v -0.198563 0.591805 1.168045
v -0.187941 0.440273 1.149164
v 0.538518 0.591805 1.168045
v 0.524072 0.440273 1.149164
v -0.198563 0.593835 1.088172
v -0.187941 0.442303 1.069292
v 0.538518 0.593835 1.088172
v 0.524072 0.442303 1.069292
v 0.047146 0.450512 1.146688
v 0.046381 0.581841 1.164035
v 0.047146 0.452272 1.073302
v 0.046381 0.583600 1.090649
v -0.360111 1.271276 1.406603
v -0.364199 1.314498 1.360002
v 0.749265 1.296852 1.361690
v 0.742030 1.262309 1.400828
v 0.121802 1.242229 1.389604
v 0.124358 1.259544 1.365709
v 0.378930 1.260354 1.365812
v 0.378615 1.243027 1.389701
v -1.097684 1.601334 1.544207
v -1.065484 1.664586 1.481263
v 1.401283 1.665740 1.485462
v 1.431947 1.600021 1.550459
v -0.251415 1.566680 1.488040
v -0.247151 1.601459 1.454790
v 0.738706 1.609309 1.456145
v 0.744182 1.577524 1.486919
v -0.135053 0.542785 1.234965
v -0.122772 0.535740 1.128246
v -0.139020 0.498920 1.234518
v -0.125577 0.503113 1.128246
v -0.111219 0.465084 1.239241
v -0.104489 0.478058 1.128246
v -0.067936 0.461098 1.246367
v -0.071862 0.475253 1.128246
v -0.034526 0.489296 1.251722
v -0.046808 0.496341 1.128246
v -0.030560 0.533161 1.252169
v -0.044002 0.528968 1.128246
v -0.058361 0.566997 1.247446
v -0.065090 0.554022 1.128246
v -0.101643 0.570983 1.240320
v -0.097717 0.556827 1.128246
v 1.184099 0.464671 1.223008
v 1.134546 -0.000001 1.194595
v 1.201020 1.961584 1.313509
v 1.330742 1.079068 1.260313
v 1.249350 0.774748 1.241835
v -0.867118 1.961584 1.313509
v 1.334322 1.410558 1.305100
v 0.990366 0.195381 1.234159
v 0.516633 -0.000001 1.220756
v -0.178867 -0.000001 1.220756
v -0.657820 0.195381 1.234159
v -1.001776 1.410558 1.305100
v -0.688953 0.465020 1.250257
v -0.748369 0.773647 1.267315
v -0.839798 1.079880 1.286641
v -0.193881 0.195381 1.233975
v -0.666423 0.307858 1.241318
v -0.716016 0.617092 1.259717
v -0.790367 0.926174 1.277330
v -0.915125 1.245891 1.296564
v -0.627440 0.465020 1.250257
v -0.624755 0.307858 1.241318
v -0.685034 0.773647 1.267315
v -0.690052 0.926174 1.277330
v -0.861772 1.410558 1.305100
v -0.851861 1.245891 1.296564
v -0.573576 0.465020 1.250257
v -0.604421 0.617092 1.259717
v 1.021500 0.465020 1.250257
v 1.080916 0.773647 1.267315
v 1.172344 1.079880 1.286641
v 0.531647 0.195381 1.233975
v 0.998970 0.307858 1.241318
v 1.048563 0.617092 1.259717
v 1.122913 0.926174 1.277330
v 1.247671 1.245891 1.296564
v 0.959987 0.465020 1.250257
v 1.004339 1.079880 1.286641
v 1.017581 0.773647 1.267315
v 1.019729 0.926174 1.277330
v 1.194318 1.410558 1.305100
v 1.184408 1.245891 1.296564
v 0.963219 0.926174 1.277330
v 0.936968 0.617092 1.259717
v -0.785811 -0.000001 1.232675
v -1.155347 1.410558 1.305100
v -0.838725 0.465020 1.253354
v -0.902683 0.773647 1.267315
v 1.360100 1.079880 1.254474
v 1.326207 1.079880 1.286641
v 1.268671 0.773647 1.235146
v 1.235229 0.773647 1.267315
v -0.993660 1.079880 1.286641
v 1.210369 0.465020 1.215383
v 1.171677 0.465020 1.252960
v 1.487893 1.410558 1.305100
v 1.522078 1.410558 1.272935
v 1.119696 -0.000001 1.231301
v -0.814487 0.306350 1.246148
v -0.868627 0.617092 1.261279
v -0.944463 0.926174 1.277330
v -1.068780 1.245891 1.296564
v 1.147319 0.306347 1.245869
v 1.202789 0.617092 1.259717
v 1.277010 0.926174 1.277330
v 1.401326 1.245891 1.296564
v 0.991236 0.196914 1.201097
v 0.516967 0.001458 1.187681
v -0.179241 0.001352 1.187677
v -0.658780 0.196811 1.201095
v -0.748430 0.775541 1.234260
v -0.839798 1.081872 1.253592
v -0.194255 0.196733 1.200896
v -0.667192 0.309511 1.208259
v -0.716264 0.618849 1.226655
v -0.790367 0.928296 1.244289
v -0.915125 1.247706 1.263505
v -0.627440 0.467016 1.217209
v -0.624755 0.309739 1.208263
v -0.685034 0.775816 1.234277
v -0.690052 0.928344 1.244292
v -0.861772 1.412272 1.272036
v -0.851861 1.247605 1.263499
v -0.573576 0.467075 1.217212
v -0.604421 0.619148 1.226671
v 1.021871 0.466799 1.217198
v 1.080916 0.775613 1.234264
v 1.172344 1.081875 1.253592
v 0.531981 0.196839 1.200900
v 1.000060 0.309438 1.208265
v 1.048676 0.618876 1.226656
v 1.247671 1.247706 1.263505
v 0.959987 0.467075 1.217212
v 1.004339 1.081882 1.253593
v 1.017581 0.775816 1.234277
v 1.019729 0.928232 1.244285
v 1.194318 1.412272 1.272036
v 1.184408 1.247605 1.263499
v 0.963219 0.928176 1.244282
v 0.936968 0.619148 1.226671
v -0.840332 -0.000001 1.176730
v -1.189531 1.410558 1.272935
v -1.102880 1.245891 1.264398
v -0.878228 0.465020 1.214989
v -0.858223 0.305905 1.203375
v -0.936125 0.773647 1.235146
v -0.905120 0.617092 1.225984
v 1.190485 0.305908 1.203653
v 1.435427 1.245891 1.264398
v -1.027553 1.079880 1.254474
v -0.978122 0.926174 1.245162
v 1.310668 0.926174 1.245162
v 1.236051 0.617092 1.227546
v 1.171539 -0.000001 1.178104
vn -0.7863 0.6096 -0.1003
vn -0.7842 0.6034 -0.1447
vn -0.7843 0.6036 -0.1434
vn -0.7811 0.5972 -0.1826
vn 0.2611 0.0560 0.9637
vn 0.1677 0.1892 0.9675
vn -0.0002 0.1661 0.9861
vn 0.7857 0.6107 -0.0985
vn 0.7836 0.6047 -0.1426
vn 0.7835 0.6045 -0.1439
vn -0.0000 0.1105 -0.9939
vn -0.0000 0.0924 -0.9957
vn -0.0000 0.0795 -0.9968
vn -0.0000 0.0789 -0.9969
vn -0.0029 0.0755 -0.9971
vn -0.0024 0.0761 -0.9971
vn -0.0051 0.0728 -0.9973
vn 0.0029 0.0755 -0.9971
vn 0.0051 0.0728 -0.9973
vn 0.0024 0.0761 -0.9971
vn -0.8249 -0.5586 0.0870
vn -0.8119 -0.5713 0.1200
vn -0.8100 -0.5731 0.1247
vn 0.8255 -0.5574 0.0890
vn 0.8107 -0.5719 0.1254
vn 0.8126 -0.5701 0.1209
vn 0.7984 -0.5823 0.1533
vn -0.7975 -0.5835 0.1534
vn -0.0000 -0.0567 0.9984
vn -0.0000 -0.0685 0.9977
vn -0.0000 -0.0781 0.9969
vn -0.0000 -0.0789 0.9969
vn 0.0029 -0.0755 0.9971
vn 0.0051 -0.0728 0.9973
vn 0.0024 -0.0761 0.9971
vn -0.0029 -0.0755 0.9971
vn -0.0024 -0.0761 0.9971
vn -0.0051 -0.0728 0.9973
vn 0.9119 -0.4033 0.0761
vn 0.6265 -0.7772 -0.0580
vn 0.6276 -0.7763 -0.0584
vn 0.8894 -0.4537 0.0560
vn -0.6252 -0.7782 -0.0585
vn -0.9116 -0.4041 0.0756
vn -0.8890 -0.4546 0.0554
vn -0.6263 -0.7773 -0.0589
vn -0.1680 0.1891 0.9675
vn -0.2613 0.0556 0.9636
vn -0.5753 -0.8169 -0.0409
vn 0.5764 -0.8161 -0.0412
vn -0.1046 0.9917 0.0745
vn -0.2106 0.9747 0.0746
vn -0.2109 0.9746 0.0746
vn 0.7620 -0.6455 -0.0511
vn 0.6770 -0.7337 -0.0581
vn -0.4903 0.8689 0.0683
vn 0.0885 -0.9932 -0.0755
vn -0.0221 -0.9970 -0.0740
vn 0.0881 -0.9932 -0.0755
vn 0.3985 -0.9144 -0.0717
vn -0.7274 0.6840 0.0540
vn -0.7982 0.6005 0.0473
vn 0.2106 0.9747 0.0746
vn 0.1046 0.9917 0.0745
vn 0.2109 0.9746 0.0746
vn 0.4903 0.8689 0.0683
vn 0.0221 -0.9970 -0.0740
vn -0.0885 -0.9932 -0.0755
vn -0.0881 -0.9932 -0.0755
vn -0.3985 -0.9144 -0.0717
vn 0.7274 0.6840 0.0540
vn -0.6770 -0.7337 -0.0581
vn -0.7620 -0.6455 -0.0511
vn 0.7982 0.6005 0.0473
vn -0.9789 -0.0747 0.1900
vn 0.9789 -0.0747 0.1900
vn -0.0007 0.9728 -0.2315
vn 0.7803 0.5982 -0.1827
vn -0.0000 -0.0606 0.9982
vn 0.9920 0.0508 0.1154
vn -0.0000 -0.0599 0.9982
vn -0.0000 -0.0610 0.9981
vn -0.0699 0.9952 -0.0688
vn -0.0392 0.9981 -0.0475
vn -0.0396 0.9981 -0.0478
vn 0.9166 0.3987 -0.0292
vn 0.0289 0.9984 -0.0479
vn 0.0662 0.9954 -0.0695
vn 0.0292 0.9984 -0.0481
vn -0.0406 -0.1029 0.9939
vn -0.0736 -0.1289 0.9889
vn -0.0333 -0.0972 0.9947
vn -0.0057 -0.9998 0.0213
vn -0.0006 -0.9998 0.0207
vn -0.0056 -0.9998 0.0213
vn 0.0126 -0.9997 0.0204
vn 0.0010 -0.9998 0.0212
vn 0.0011 -0.9998 0.0212
vn 0.0285 -0.1022 0.9944
vn 0.0249 -0.0982 0.9949
vn -0.9059 0.4215 -0.0406
vn -0.0873 0.9962 0.0008
vn -0.0456 0.9989 0.0046
vn -0.0454 0.9990 0.0046
vn 0.9803 -0.1974 0.0025
vn 0.9798 -0.1997 0.0015
vn 0.9784 -0.2066 -0.0015
vn 0.0478 0.9989 0.0024
vn 0.0480 0.9988 0.0024
vn 0.0997 0.9950 -0.0036
vn -0.0065 -0.1153 0.9933
vn -0.0130 -0.1262 0.9919
vn -0.0067 -0.1156 0.9933
vn -0.0129 -0.9999 -0.0023
vn -0.0259 -0.9997 -0.0046
vn 0.0192 -0.9998 -0.0046
vn 0.0096 -1.0000 -0.0023
vn 0.0080 -0.1238 0.9923
vn 0.0067 -0.1207 0.9927
vn -0.9955 -0.0950 -0.0007
vn -0.9964 -0.0848 0.0040
vn -0.9966 -0.0817 0.0055
vn -0.9883 0.0601 0.1400
vn 0.9920 0.0505 0.1154
vn -0.9883 0.0605 0.1400
vn -0.0000 -1.0000 -0.0000
vn -0.0000 0.0610 -0.9981
vn -0.0000 0.0606 -0.9982
vn -0.9316 -0.0320 -0.3621
vn 0.9032 -0.0367 -0.4276
vn 0.9032 -0.0369 -0.4276
vn -0.0000 1.0000 -0.0000
vn -0.9316 -0.0322 -0.3621
vn 0.0035 -0.1266 0.9919
vn 0.0034 -0.1266 0.9919
vn -0.0067 -0.1267 0.9919
vn 0.0110 -0.9996 -0.0247
vn 0.0430 -0.9988 -0.0247
vn -0.9976 -0.0697 -0.0018
vn 0.0104 0.9996 0.0247
vn -0.0206 0.9995 0.0247
vn 0.9955 -0.0946 -0.0024
vn 0.0413 0.9988 0.0247
vn -0.0212 -0.9995 -0.0247
vn 0.0135 -0.1265 0.9919
vn -0.0336 0.7929 0.6085
vn -0.0649 0.7743 0.6295
vn -0.0347 0.7922 0.6093
vn 0.0731 0.7574 0.6488
vn 0.0372 0.7834 0.6204
vn 0.0341 0.7856 0.6178
vn 0.0145 -0.1396 0.9901
vn -0.9968 -0.0799 0.0064
vn 0.9805 -0.1963 0.0030
vn -0.0519 0.6870 0.7248
vn -0.0898 0.6808 0.7270
vn -0.0455 0.6880 0.7243
vn 0.0762 0.6838 0.7257
vn 0.0375 0.6888 0.7240
vn 0.0329 0.6893 0.7237
vn 0.0526 -0.1295 0.9902
vn -0.8688 0.4776 -0.1307
vn -0.8782 0.4601 -0.1307
vn -0.9454 -0.2985 -0.1307
vn -0.9416 -0.3105 -0.1307
vn -0.4528 -0.8822 -0.1295
vn -0.4203 -0.8981 -0.1293
vn 0.3087 -0.9432 -0.1232
vn 0.3432 -0.9312 -0.1227
vn 0.8839 -0.4533 -0.1153
vn 0.8910 -0.4393 -0.1151
vn 0.9493 0.2929 -0.1145
vn 0.9531 0.2801 -0.1144
vn 0.4695 0.8745 -0.1218
vn 0.5013 0.8567 -0.1213
vn -0.2901 0.9483 -0.1289
vn -0.2514 0.9593 -0.1286
vn -0.1620 0.0046 0.9868
vn -0.0000 -0.0600 0.9982
vn -0.0000 -0.0602 0.9982
vn -0.0000 -0.0548 0.9985
vn -0.0000 -0.0546 0.9985
vn 0.0154 -0.0542 0.9984
vn 0.0068 -0.0586 0.9983
vn 0.0075 -0.0531 0.9986
vn 0.0096 -0.0475 0.9988
vn 0.0022 -0.0557 0.9984
vn 0.0018 -0.0572 0.9984
vn -0.0000 -0.0641 0.9979
vn -0.0000 -0.0625 0.9980
vn 0.0247 -0.0426 0.9988
vn 0.0290 -0.0432 0.9986
vn 0.0232 -0.0499 0.9985
vn 0.0350 -0.0462 0.9983
vn -0.0000 -0.0568 0.9984
vn 0.0146 -0.0515 0.9986
vn -0.0000 -0.0655 0.9979
vn -0.0000 -0.0518 0.9987
vn -0.0000 -0.0621 0.9981
vn 0.0113 -0.0409 0.9991
vn 0.0268 -0.0471 0.9985
vn -0.0000 -0.0603 0.9982
vn -0.0089 -0.0515 0.9986
vn -0.0039 -0.0498 0.9988
vn -0.0034 -0.0539 0.9985
vn -0.0039 -0.0574 0.9983
vn -0.0224 -0.0458 0.9987
vn -0.0263 -0.0463 0.9986
vn -0.0101 -0.0441 0.9990
vn -0.0000 -0.0583 0.9983
vn -0.0000 -0.0630 0.9980
vn -0.0000 -0.0594 0.9982
vn -0.0319 -0.0476 0.9984
vn -0.0329 -0.0477 0.9983
vn -0.0000 -0.0605 0.9982
vn -0.0000 -0.0622 0.9981
vn -0.0245 -0.0470 0.9986
vn -0.6435 -0.3490 0.6813
vn -0.6370 -0.3701 0.6762
vn -0.6415 -0.3556 0.6797
vn -0.6983 -0.1183 0.7059
vn -0.6909 -0.1382 0.7096
vn -0.6981 -0.1190 0.7060
vn -0.6846 -0.1740 0.7079
vn -0.6791 -0.2014 0.7059
vn -0.6783 -0.2059 0.7054
vn -0.6844 -0.1743 0.7079
vn 0.6980 -0.1190 0.7061
vn 0.6909 -0.1382 0.7096
vn 0.6983 -0.1184 0.7060
vn 0.6415 -0.3556 0.6797
vn 0.6370 -0.3701 0.6762
vn 0.6435 -0.3490 0.6813
vn -0.6704 -0.2423 0.7013
vn -0.6591 -0.2899 0.6939
vn -0.6564 -0.3010 0.6918
vn -0.6697 -0.2450 0.7011
vn 0.6697 -0.2450 0.7010
vn 0.6564 -0.3010 0.6918
vn 0.6591 -0.2899 0.6939
vn 0.6704 -0.2423 0.7013
vn 0.6844 -0.1743 0.7079
vn 0.6782 -0.2060 0.7054
vn 0.6790 -0.2015 0.7059
vn 0.6846 -0.1740 0.7079
vn -0.7050 -0.0996 0.7022
vn -0.6856 -0.1720 0.7074
vn 0.7048 -0.0996 0.7023
vn 0.6856 -0.1720 0.7073
vn -0.9937 0.1098 -0.0203
vn -0.9900 0.1404 -0.0147
vn -0.9938 0.1095 -0.0203
vn 0.9795 0.2014 0.0065
vn 0.9330 0.3592 0.0214
vn 0.9521 0.3052 0.0190
vn 0.9970 0.0772 -0.0081
vn 0.0001 0.9991 0.0420
vn 0.9968 0.0768 -0.0225
vn 0.9108 0.4121 0.0237
vn 0.9999 0.0170 0.0010
vn 0.0027 -0.9986 -0.0534
vn 0.9995 0.0327 0.0022
vn -0.0002 0.9979 0.0648
vn 0.0022 -0.9981 -0.0614
vn 0.9982 0.0599 0.0031
vn -0.0008 -0.9986 -0.0533
vn 0.9801 0.1980 0.0123
vn -0.0013 0.9983 0.0576
vn 0.0005 -0.9981 -0.0612
vn -0.9794 0.2015 0.0097
vn -0.9970 0.0771 -0.0067
vn -0.0001 0.9990 0.0452
vn -0.9966 0.0788 -0.0258
vn -0.9108 0.4121 0.0238
vn -0.0000 0.9982 0.0604
vn -0.0022 -0.9983 -0.0579
vn -0.9661 0.2575 0.0156
vn -0.9999 0.0140 0.0009
vn -0.0016 -0.9980 -0.0624
vn -0.9982 0.0599 0.0031
vn 0.0008 -0.9986 -0.0533
vn 0.0012 0.9983 0.0580
vn -0.9888 -0.1491 -0.0093
vn 0.0005 -0.9981 -0.0613
vt 0.215283 0.084302
vt 0.204737 0.094799
vt 0.192279 0.069866
vt 0.215085 0.066962
vt 0.215051 0.063759
vt 0.186403 0.038826
vt 0.213004 0.030373
vt 0.243282 0.038328
vt 0.216522 0.030342
vt 0.214727 0.025813
vt 0.246316 0.036704
vt 0.226051 0.094619
vt 0.237968 0.069423
vt 0.221729 0.162848
vt 0.219552 0.174561
vt 0.211759 0.175467
vt 0.209586 0.162834
vt 0.266538 0.175162
vt 0.267187 0.163171
vt 0.276130 0.164977
vt 0.280013 0.179252
vt 0.251939 0.171969
vt 0.252735 0.161408
vt 0.238896 0.170904
vt 0.239712 0.163058
vt 0.164716 0.175368
vt 0.151237 0.179442
vt 0.155142 0.165172
vt 0.164089 0.163381
vt 0.179319 0.172199
vt 0.178550 0.161655
vt 0.192398 0.171168
vt 0.191562 0.163409
vt 0.329222 0.302655
vt 0.340032 0.327064
vt 0.319808 0.333057
vt 0.319634 0.312871
vt 0.299491 0.327461
vt 0.309867 0.302878
vt 0.320139 0.366605
vt 0.293285 0.358137
vt 0.346850 0.357607
vt 0.324438 0.237412
vt 0.312931 0.237566
vt 0.314160 0.225376
vt 0.322893 0.224672
vt 0.365575 0.229067
vt 0.378467 0.223233
vt 0.376161 0.238043
vt 0.367579 0.240904
vt 0.351434 0.234343
vt 0.353538 0.244802
vt 0.339565 0.235885
vt 0.339661 0.244811
vt 0.271671 0.228906
vt 0.269776 0.240749
vt 0.261178 0.238003
vt 0.258695 0.223233
vt 0.285918 0.234132
vt 0.283757 0.244608
vt 0.297817 0.235906
vt 0.297552 0.244798
vt 0.240896 0.070310
vt 0.229036 0.095803
vt 0.201764 0.096000
vt 0.189369 0.070810
vt 0.183341 0.037255
vt 0.267621 0.160153
vt 0.276701 0.161937
vt 0.239348 0.173972
vt 0.220130 0.177578
vt 0.252795 0.158334
vt 0.279257 0.182194
vt 0.265804 0.178153
vt 0.251468 0.174957
vt 0.239407 0.159996
vt 0.224812 0.160912
vt 0.154575 0.162131
vt 0.163662 0.160362
vt 0.178478 0.158605
vt 0.165446 0.178360
vt 0.151990 0.182384
vt 0.179774 0.175184
vt 0.191886 0.160313
vt 0.191861 0.174226
vt 0.211049 0.178460
vt 0.206487 0.160841
vt 0.585542 0.869619
vt 0.594655 0.888648
vt 0.543926 0.869148
vt 0.313899 0.410050
vt 0.315468 0.384211
vt 0.336085 0.384123
vt 0.334585 0.410004
vt 0.446875 0.889209
vt 0.578194 0.919925
vt 0.463517 0.920212
vt 0.584720 0.806659
vt 0.580786 0.832481
vt 0.546472 0.824905
vt 0.554211 0.797937
vt 0.581380 0.851097
vt 0.543788 0.846566
vt 0.554810 0.951177
vt 0.486907 0.951241
vt 0.520813 0.982350
vt 0.572520 0.077479
vt 0.534232 0.076440
vt 0.534410 0.066917
vt 0.572710 0.066266
vt 0.588614 0.046315
vt 0.590531 0.059989
vt 0.579709 0.063954
vt 0.574488 0.061013
vt 0.575782 0.049096
vt 0.478470 0.075743
vt 0.431436 0.075445
vt 0.431679 0.064431
vt 0.478551 0.066304
vt 0.535708 0.054886
vt 0.534668 0.064456
vt 0.534624 0.043439
vt 0.572737 0.035734
vt 0.431689 0.034246
vt 0.479064 0.043986
vt 0.477970 0.055315
vt 0.428263 0.047278
vt 0.478410 0.063629
vt 0.414247 0.058826
vt 0.415637 0.045096
vt 0.430029 0.059314
vt 0.424976 0.062348
vt 0.710228 0.058898
vt 0.709948 0.087181
vt 0.689525 0.086835
vt 0.688875 0.058412
vt 0.705707 0.045502
vt 0.713123 0.056604
vt 0.709884 0.056075
vt 0.674146 0.058728
vt 0.675634 0.087362
vt 0.648687 0.089730
vt 0.646145 0.061445
vt 0.688123 0.046913
vt 0.688789 0.056765
vt 0.687489 0.017762
vt 0.705594 0.017071
vt 0.648748 0.046300
vt 0.648056 0.017772
vt 0.672403 0.018151
vt 0.672656 0.047280
vt 0.673966 0.057070
vt 0.646133 0.057943
vt 0.642211 0.058925
vt 0.391904 0.409623
vt 0.393331 0.426888
vt 0.372633 0.427661
vt 0.371243 0.410265
vt 0.498020 0.869411
vt 0.455655 0.870179
vt 0.497695 0.847027
vt 0.459568 0.851775
vt 0.494700 0.825532
vt 0.460063 0.833253
vt 0.486611 0.798683
vt 0.456073 0.807481
vt 0.312881 0.427250
vt 0.333615 0.427181
vt 0.389590 0.383786
vt 0.369102 0.384348
vt 0.311853 0.444163
vt 0.332550 0.443969
vt 0.395248 0.443640
vt 0.373965 0.444849
vt 0.375708 0.465698
vt 0.329397 0.464202
vt 0.674159 0.140134
vt 0.674623 0.114079
vt 0.712642 0.111618
vt 0.715832 0.137235
vt 0.673901 0.157616
vt 0.718190 0.154228
vt 0.673887 0.174768
vt 0.720991 0.170820
vt 0.667643 0.139476
vt 0.631249 0.135611
vt 0.635560 0.110107
vt 0.668287 0.113416
vt 0.667300 0.156903
vt 0.628380 0.152603
vt 0.666816 0.174020
vt 0.625192 0.169217
vt 0.722468 0.135750
vt 0.724767 0.152505
vt 0.719311 0.110232
vt 0.718698 0.177155
vt 0.677070 0.180697
vt 0.727600 0.168995
vt 0.605014 0.226256
vt 0.612380 0.226008
vt 0.613713 0.252654
vt 0.605226 0.253573
vt 0.612304 0.212748
vt 0.616759 0.212810
vt 0.616456 0.225867
vt 0.603792 0.212715
vt 0.604138 0.208348
vt 0.612604 0.208266
vt 0.600794 0.253578
vt 0.600910 0.226417
vt 0.614478 0.257080
vt 0.606028 0.257882
vt 0.599407 0.213134
vt 0.618154 0.252383
vt 0.617281 0.044219
vt 0.624056 0.032701
vt 0.729168 0.029494
vt 0.736640 0.039973
vt 0.519919 0.836839
vt 0.519617 0.830870
vt 0.521363 0.830699
vt 0.522459 0.836631
vt 0.523041 0.830324
vt 0.525074 0.836359
vt 0.524610 0.829629
vt 0.527275 0.835038
vt 0.508113 0.835253
vt 0.510669 0.829153
vt 0.512405 0.829740
vt 0.510296 0.836322
vt 0.514193 0.830199
vt 0.512622 0.836983
vt 0.516002 0.830574
vt 0.515032 0.837178
vt 0.517820 0.830810
vt 0.517459 0.837066
vt 0.527172 0.840719
vt 0.525312 0.839009
vt 0.529609 0.840689
vt 0.531300 0.839026
vt 0.529602 0.834916
vt 0.531306 0.836587
vt 0.761790 0.340867
vt 0.764242 0.348671
vt 0.753488 0.348306
vt 0.751837 0.339126
vt 0.799599 0.340432
vt 0.801362 0.349086
vt 0.792189 0.349017
vt 0.790341 0.340685
vt 0.780840 0.340887
vt 0.783078 0.349466
vt 0.773333 0.349195
vt 0.771344 0.340949
vt 0.823324 0.340713
vt 0.818326 0.351417
vt 0.810689 0.349580
vt 0.808795 0.340553
vt 0.809940 0.351887
vt 0.801968 0.352715
vt 0.782283 0.353457
vt 0.775341 0.353988
vt 0.751361 0.351886
vt 0.743325 0.350315
vt 0.743128 0.343491
vt 0.794289 0.354649
vt 0.801171 0.355727
vt 0.846119 0.361240
vt 0.838365 0.368321
vt 0.741722 0.335784
vt 0.772466 0.291166
vt 0.782438 0.288707
vt 0.781275 0.297793
vt 0.770360 0.299310
vt 0.734531 0.290827
vt 0.743867 0.291084
vt 0.742059 0.299451
vt 0.732493 0.299457
vt 0.710816 0.290904
vt 0.716171 0.301553
vt 0.696936 0.318924
vt 0.688959 0.312109
vt 0.753352 0.291422
vt 0.762792 0.291548
vt 0.760504 0.299901
vt 0.751271 0.300003
vt 0.725361 0.290640
vt 0.723537 0.299488
vt 0.767280 0.307415
vt 0.759293 0.305982
vt 0.751794 0.303854
vt 0.791405 0.292606
vt 0.791391 0.299424
vt 0.783565 0.301336
vt 0.739574 0.304914
vt 0.732857 0.303345
vt 0.792418 0.284929
vt 0.760309 0.309133
vt 0.741674 0.333518
vt 0.751667 0.336446
vt 0.799232 0.337211
vt 0.808952 0.336255
vt 0.780466 0.338226
vt 0.789951 0.337884
vt 0.725236 0.286503
vt 0.734923 0.287684
vt 0.782480 0.286043
vt 0.792366 0.282677
vt 0.761534 0.338302
vt 0.770938 0.338446
vt 0.763163 0.288974
vt 0.772647 0.288577
vt 0.744207 0.288538
vt 0.753708 0.288779
vt 0.823137 0.337345
vt 0.710917 0.287661
vt 0.731201 0.301227
vt 0.723620 0.301310
vt 0.791122 0.350702
vt 0.784182 0.351381
vt 0.772132 0.350933
vt 0.764182 0.350510
vt 0.847395 0.362542
vt 0.838281 0.370405
vt 0.817357 0.353024
vt 0.811650 0.351522
vt 0.754116 0.350253
vt 0.810718 0.353535
vt 0.803275 0.354723
vt 0.783247 0.355066
vt 0.774612 0.355830
vt 0.751682 0.353939
vt 0.741833 0.351511
vt 0.801434 0.357634
vt 0.793240 0.356168
vt 0.750021 0.301859
vt 0.743014 0.301156
vt 0.697086 0.321004
vt 0.687729 0.313453
vt 0.717215 0.303114
vt 0.780781 0.299693
vt 0.771617 0.300965
vt 0.768494 0.308909
vt 0.731711 0.304805
vt 0.760237 0.310931
vt 0.757894 0.308017
vt 0.750652 0.305256
vt 0.793058 0.300477
vt 0.783346 0.303428
vt 0.740306 0.306866
s 1
f 1341/1605/1536 1344/1606/1536 1345/1607/1537 1397/1608/1538
f 1397/1609/1538 1345/1607/1537 1347/1610/1539 1399/1611/1539
f 1346/1612/1540 1398/1613/1541 1374/1614/1542 1375/1615/1540
f 1342/1616/1543 1341/1605/1543 1397/1609/1544 1343/1617/1545
f 1341/1605/1546 1342/1616/1547 1344/1606/1547
f 1351/1618/1548 1350/1619/1549 1349/1620/1549 1348/1621/1548
f 1342/1616/1547 1351/1618/1548 1348/1621/1548 1344/1606/1547
f 1355/1622/1550 1354/1623/1551 1353/1624/1552 1352/1625/1552
f 1356/1626/1549 1357/1627/1549 1354/1623/1551 1355/1622/1550
f 1358/1628/1549 1359/1629/1549 1357/1627/1549 1356/1626/1549
f 1350/1619/1549 1351/1618/1548 1359/1629/1549 1358/1628/1549
f 1363/1630/1553 1360/1631/1554 1361/1632/1554 1362/1633/1555
f 1364/1634/1549 1363/1630/1553 1362/1633/1555 1365/1635/1549
f 1366/1636/1549 1364/1634/1549 1365/1635/1549 1367/1637/1549
f 1349/1620/1549 1366/1636/1549 1367/1637/1549 1348/1621/1548
f 1370/1638/1556 1371/1639/1557 1369/1640/1558 1368/1641/1556
f 1368/1641/1559 1369/1640/1560 1373/1642/1561 1372/1643/1559
f 1369/1640/1560 1374/1644/1562 1376/1645/1562 1373/1642/1561
f 1371/1639/1557 1375/1646/1563 1374/1644/1563 1369/1640/1558
f 1368/1641/1564 1372/1643/1565 1370/1638/1565
f 1380/1647/1566 1377/1648/1566 1378/1649/1567 1379/1650/1567
f 1370/1638/1565 1372/1643/1565 1377/1648/1566 1380/1647/1566
f 1384/1651/1568 1381/1652/1569 1382/1653/1569 1383/1654/1570
f 1385/1655/1567 1384/1651/1568 1383/1654/1570 1386/1656/1567
f 1387/1657/1567 1385/1655/1567 1386/1656/1567 1388/1658/1567
f 1379/1650/1567 1387/1657/1567 1388/1658/1567 1380/1647/1566
f 1392/1659/1571 1391/1660/1572 1390/1661/1573 1389/1662/1573
f 1393/1663/1567 1394/1664/1567 1391/1660/1572 1392/1659/1571
f 1395/1665/1567 1396/1666/1567 1394/1664/1567 1393/1663/1567
f 1378/1649/1567 1377/1648/1566 1396/1666/1567 1395/1665/1567
f 1342/1616/1574 1343/1617/1575 1371/1667/1576 1370/1668/1577
f 1345/1607/1578 1344/1606/1579 1372/1669/1580 1373/1670/1581
f 1374/1614/1542 1399/1611/1582 1347/1610/1583 1376/1671/1583
f 1347/1610/1584 1345/1607/1578 1373/1670/1581 1376/1671/1584
f 1343/1617/1575 1346/1612/1585 1375/1615/1585 1371/1667/1576
f 1353/1624/1586 1354/1623/1587 1383/1672/1588 1382/1673/1586
f 1350/1619/1589 1358/1628/1590 1387/1674/1590 1379/1675/1589
f 1354/1623/1587 1357/1627/1591 1386/1676/1591 1383/1672/1588
f 1355/1622/1592 1352/1625/1593 1381/1677/1593 1384/1678/1594
f 1356/1626/1595 1355/1622/1592 1384/1678/1594 1385/1679/1595
f 1357/1627/1591 1359/1629/1596 1388/1680/1596 1386/1676/1591
f 1358/1628/1590 1356/1626/1595 1385/1679/1595 1387/1674/1590
f 1359/1629/1596 1351/1618/1597 1380/1681/1597 1388/1680/1596
f 1362/1633/1598 1361/1632/1599 1390/1682/1599 1391/1683/1600
f 1365/1635/1601 1362/1633/1598 1391/1683/1600 1394/1684/1601
f 1360/1631/1602 1363/1630/1603 1392/1685/1604 1389/1686/1602
f 1363/1630/1603 1364/1634/1605 1393/1687/1605 1392/1685/1604
f 1367/1637/1606 1365/1635/1601 1394/1684/1601 1396/1688/1606
f 1364/1634/1605 1366/1636/1607 1395/1689/1607 1393/1687/1605
f 1366/1636/1607 1349/1620/1608 1378/1690/1608 1395/1689/1607
f 1348/1621/1609 1367/1637/1606 1396/1688/1606 1377/1691/1609
f 1344/1606/1579 1348/1621/1610 1377/1691/1610 1372/1669/1580
f 1351/1618/1611 1342/1616/1574 1370/1668/1577 1380/1681/1611
f 1398/1613/1541 1399/1611/1582 1374/1614/1542
f 1398/1613/1612 1397/1609/1612 1399/1611/1612
f 1343/1617/1545 1397/1609/1544 1398/1613/1613 1346/1612/1613
f 1512/1692/1614 1402/1693/1614 1437/1694/1614
f 1436/1695/1615 1435/1696/1615 1443/1697/1615 1444/1698/1615
f 1401/1699/1616 1402/1693/1616 1511/1700/1616 1514/1701/1616
f 1510/1702/1617 1509/1703/1617 1440/1704/1617 1439/1705/1617
f 1509/1703/1614 1513/1706/1614 1438/1707/1614 1440/1704/1614
f 1514/1701/1616 1511/1700/1616 1404/1708/1616 1405/1709/1616
f 1405/1709/1616 1404/1708/1616 1403/1710/1616
f 1411/1711/1618 1417/1712/1619 1491/1713/1620 1487/1714/1618
f 1408/1715/1621 1411/1716/1621 1487/1717/1621 1488/1718/1621 1412/1719/1621
f 1416/1720/1622 1410/1721/1623 1486/1722/1623 1490/1723/1624
f 1418/1724/1625 1412/1719/1626 1488/1718/1626 1492/1725/1627
f 1414/1726/1628 1408/1727/1629 1412/1719/1629 1418/1724/1630
f 1409/1728/1631 1415/1729/1632 1419/1730/1633 1413/1731/1631
f 1415/1729/1632 1414/1726/1628 1418/1724/1630 1419/1730/1633
f 1419/1730/1634 1418/1724/1625 1492/1725/1627 1489/1732/1635
f 1410/1733/1636 1409/1734/1636 1413/1731/1636 1485/1735/1636 1486/1736/1636
f 1417/1712/1619 1416/1720/1622 1490/1723/1624 1491/1713/1620
f 1479/1737/1637 1425/1738/1637 1431/1739/1638 1483/1740/1639
f 1513/1706/1614 1512/1692/1614 1437/1694/1614 1438/1707/1614
f 1420/1741/1640 1479/1742/1641 1480/1743/1642
f 1482/1744/1643 1430/1745/1644 1424/1746/1645 1478/1747/1645
f 1426/1748/1646 1420/1741/1647 1480/1743/1647 1484/1749/1648
f 1426/1748/1649 1428/1750/1649 1422/1751/1650 1420/1741/1650
f 1421/1752/1651 1423/1753/1651 1429/1754/1652 1427/1755/1652
f 1427/1755/1652 1429/1754/1652 1428/1750/1649 1426/1748/1649
f 1427/1755/1653 1426/1748/1646 1484/1749/1648 1481/1756/1654
f 1477/1757/1655 1478/1758/1656 1421/1752/1657
f 1483/1740/1639 1431/1739/1638 1430/1745/1644 1482/1744/1643
f 1440/1759/1658 1438/1760/1658 1446/1761/1658 1448/1762/1658
f 1433/1763/1614 1401/1699/1614 1432/1764/1614
f 1434/1765/1614 1433/1763/1614 1432/1764/1614 1407/1766/1614
f 1436/1767/1614 1434/1765/1614 1407/1766/1614 1406/1768/1614
f 1435/1769/1617 1436/1767/1617 1406/1768/1617 1400/1770/1617
f 1434/1771/1659 1436/1695/1659 1444/1698/1659 1442/1772/1659
f 1439/1773/1660 1440/1759/1660 1448/1762/1660 1447/1774/1660
f 1437/1694/1614 1402/1693/1614 1401/1699/1614 1433/1763/1614
f 1433/1775/1659 1434/1771/1659 1442/1772/1659 1441/1776/1659
f 1438/1760/1658 1437/1777/1658 1445/1778/1658 1446/1761/1658
f 1437/1779/1661 1433/1780/1661 1441/1776/1661 1445/1778/1661
f 1444/1698/1617 1443/1697/1617 1447/1774/1617 1448/1762/1617
f 1442/1772/1614 1444/1698/1614 1448/1762/1614 1446/1761/1614
f 1441/1776/1614 1442/1772/1614 1446/1761/1614 1445/1778/1614
f 1452/1781/1617 1451/1782/1617 1455/1783/1617 1456/1784/1617
f 1450/1785/1614 1452/1781/1614 1456/1784/1614 1454/1786/1614
f 1449/1787/1614 1450/1785/1614 1454/1786/1614 1453/1788/1614
f 1460/1789/1662 1464/1790/1662 1463/1791/1662 1459/1792/1662
f 1458/1793/1663 1462/1794/1663 1464/1790/1663 1460/1789/1663
f 1457/1795/1663 1461/1796/1663 1462/1794/1663 1458/1793/1663
f 1449/1787/1664 1457/1795/1664 1458/1793/1664 1450/1785/1664
f 1456/1784/1665 1464/1797/1665 1462/1798/1665 1454/1786/1665
f 1455/1783/1666 1463/1799/1666 1464/1797/1666 1456/1784/1666
f 1453/1788/1667 1461/1800/1667 1457/1801/1667 1449/1787/1667
f 1450/1785/1664 1458/1793/1664 1460/1789/1664 1452/1781/1664
f 1454/1786/1665 1462/1798/1665 1461/1802/1665 1453/1788/1665
f 1452/1781/1668 1460/1789/1668 1459/1792/1668 1451/1782/1668
f 1474/1803/1669 1473/1804/1670 1468/1805/1671 1467/1806/1671
f 1473/1804/1672 1466/1807/1673 1470/1808/1673 1475/1809/1672
f 1466/1807/1674 1465/1810/1674 1469/1811/1674 1470/1812/1674
f 1474/1803/1675 1467/1806/1676 1471/1813/1676 1476/1814/1675
f 1467/1806/1677 1468/1805/1677 1472/1815/1677 1471/1816/1677
f 1465/1810/1678 1474/1803/1675 1476/1814/1675 1469/1817/1678
f 1468/1805/1679 1473/1804/1672 1475/1809/1672 1472/1818/1679
f 1465/1810/1680 1466/1807/1680 1473/1804/1670 1474/1803/1669
f 1484/1749/1681 1480/1743/1682 1479/1737/1682 1483/1740/1683
f 1477/1757/1684 1481/1756/1685 1482/1744/1686 1478/1747/1684
f 1481/1756/1685 1484/1749/1681 1483/1740/1683 1482/1744/1686
f 1421/1752/1687 1427/1755/1653 1481/1756/1654 1477/1757/1687
f 1421/1752/1657 1478/1758/1656 1424/1819/1688 1423/1820/1688
f 1479/1742/1641 1420/1741/1640 1422/1821/1689 1425/1822/1689
f 1492/1725/1690 1488/1718/1691 1487/1714/1691 1491/1713/1692
f 1485/1735/1693 1489/1732/1694 1490/1723/1695 1486/1722/1693
f 1489/1732/1694 1492/1725/1690 1491/1713/1692 1490/1723/1695
f 1413/1731/1696 1419/1730/1634 1489/1732/1635 1485/1735/1696
f 1493/1823/1697 1494/1824/1698 1496/1825/1699 1495/1826/1700
f 1495/1826/1700 1496/1825/1699 1498/1827/1701 1497/1828/1702
f 1497/1828/1702 1498/1827/1701 1500/1829/1703 1499/1830/1704
f 1499/1831/1704 1500/1832/1703 1502/1833/1705 1501/1834/1706
f 1501/1834/1706 1502/1833/1705 1504/1835/1707 1503/1836/1708
f 1503/1836/1708 1504/1835/1707 1506/1837/1709 1505/1838/1710
f 1505/1838/1710 1506/1837/1709 1508/1839/1711 1507/1840/1712
f 1507/1840/1712 1508/1839/1711 1494/1824/1698 1493/1823/1697
f 1493/1841/1713 1495/1842/1713 1497/1828/1713 1507/1843/1713
f 1505/1844/1713 1499/1830/1713 1501/1845/1713 1503/1846/1713
f 1507/1843/1713 1497/1828/1713 1499/1830/1713 1505/1844/1713
f 1561/1847/1714 1523/1848/1715 1528/1849/1716 1570/1850/1717
f 1555/1851/1718 1521/1852/1719 1526/1853/1720 1568/1854/1721
f 1556/1855/1722 1522/1856/1723 1527/1857/1724 1569/1858/1725
f 1553/1859/1726 1519/1860/1727 1525/1861/1728 1567/1862/1729
f 1525/1861/1728 1530/1863/1730 1529/1864/1730 1521/1852/1731
f 1522/1856/1723 1531/1865/1732 1532/1866/1732 1527/1857/1724
f 1528/1849/1716 1534/1867/1733 1533/1868/1733 1520/1869/1733
f 1521/1852/1719 1529/1864/1734 1536/1870/1734 1526/1853/1720
f 1529/1864/1734 1535/1871/1734 1536/1870/1734
f 1553/1859/1726 1518/1872/1735 1524/1873/1735 1519/1860/1727
f 1567/1862/1729 1525/1861/1728 1521/1852/1731 1555/1851/1736
f 1570/1850/1717 1528/1849/1716 1520/1869/1733 1554/1874/1733
f 1568/1854/1721 1526/1853/1720 1522/1856/1723 1556/1855/1722
f 1569/1858/1725 1527/1857/1724 1523/1848/1715 1561/1847/1714
f 1558/1875/1714 1574/1876/1717 1544/1877/1716 1539/1878/1737
f 1563/1879/1738 1572/1880/1739 1542/1881/1740 1537/1882/1741
f 1566/1883/1742 1516/1884/1743 1540/1885/1744 1517/1886/1744
f 1560/1887/1745 1573/1888/1725 1543/1889/1746 1538/1890/1747
f 1566/1883/1742 1571/1891/1748 1541/1892/1749 1516/1884/1743
f 1543/1889/1746 1539/1878/1737 1546/1893/1750 1548/1894/1751
f 1538/1890/1747 1543/1889/1746 1548/1894/1751 1547/1895/1732
f 1544/1877/1716 1515/1896/1733 1549/1897/1733 1550/1898/1733
f 1537/1882/1741 1542/1881/1740 1552/1899/1734 1545/1900/1734
f 1571/1891/1748 1563/1879/1752 1537/1882/1752 1541/1892/1749
f 1574/1876/1717 1564/1901/1733 1515/1896/1733 1544/1877/1716
f 1572/1880/1739 1560/1887/1745 1538/1890/1747 1542/1881/1740
f 1573/1888/1725 1558/1875/1714 1539/1878/1737 1543/1889/1746
f 1548/1894/1751 1546/1893/1750 1551/1902/1750
f 1570/1850/1753 1554/1874/1754 1610/1903/1754 1611/1904/1755
f 1567/1862/1756 1555/1851/1757 1612/1905/1757 1613/1906/1758
f 1568/1854/1759 1556/1855/1760 1614/1907/1761 1615/1908/1762
f 1616/1909/1763 1562/1910/1764 1563/1879/1764 1571/1891/1765
f 1617/1911/1766 1565/1912/1767 1564/1901/1767 1574/1876/1768
f 1569/1858/1769 1561/1847/1770 1618/1913/1771 1619/1914/1772
f 1620/1915/1773 1557/1916/1774 1558/1875/1775 1573/1888/1776
f 1621/1917/1777 1559/1918/1778 1560/1887/1779 1572/1880/1780
f 1553/1859/1781 1567/1862/1756 1613/1906/1758 1609/1919/1781
f 1555/1851/1782 1568/1854/1759 1615/1908/1762 1612/1905/1782
f 1556/1855/1760 1569/1858/1769 1619/1914/1772 1614/1907/1761
f 1561/1847/1770 1570/1850/1753 1611/1904/1755 1618/1913/1771
f 1622/1920/1783 1616/1909/1763 1571/1891/1765 1566/1883/1783
f 1562/1910/1784 1621/1917/1777 1572/1880/1780 1563/1879/1784
f 1559/1918/1778 1620/1915/1773 1573/1888/1776 1560/1887/1779
f 1557/1916/1774 1617/1911/1766 1574/1876/1768 1558/1875/1775
f 1541/1892/1785 1537/1882/1786 1594/1921/1786 1598/1922/1787
f 1522/1856/1788 1526/1853/1788 1583/1923/1788 1579/1924/1788
f 1523/1848/1789 1527/1857/1790 1584/1925/1790 1580/1926/1789
f 1524/1873/1791 1518/1872/1791 1577/1927/1791 1581/1928/1791
f 1519/1860/1792 1524/1873/1792 1581/1928/1792 1578/1929/1792
f 1525/1861/1793 1519/1860/1793 1578/1929/1793 1582/1930/1793
f 1528/1849/1794 1523/1848/1789 1580/1926/1789 1585/1931/1794
f 1529/1864/1795 1530/1863/1795 1587/1932/1795 1586/1933/1795
f 1530/1863/1796 1525/1861/1796 1582/1930/1796 1587/1932/1796
f 1532/1866/1797 1531/1865/1797 1588/1934/1797 1589/1935/1797
f 1527/1857/1798 1532/1866/1798 1589/1935/1798 1584/1925/1798
f 1531/1865/1799 1522/1856/1799 1579/1924/1799 1588/1934/1799
f 1533/1868/1800 1534/1867/1800 1591/1936/1800 1590/1937/1800
f 1534/1867/1801 1528/1849/1801 1585/1931/1801 1591/1936/1801
f 1536/1870/1802 1535/1871/1802 1592/1938/1802 1593/1939/1802
f 1526/1853/1803 1536/1870/1803 1593/1939/1803 1583/1923/1803
f 1535/1871/1804 1529/1864/1804 1586/1933/1804 1592/1938/1804
f 1542/1881/1805 1538/1890/1805 1595/1940/1805 1599/1941/1805
f 1517/1886/1806 1540/1885/1806 1597/1942/1806 1576/1943/1806
f 1540/1885/1807 1516/1884/1807 1575/1944/1807 1597/1942/1807
f 1516/1884/1808 1541/1892/1785 1598/1922/1787 1575/1944/1808
f 1539/1878/1809 1544/1877/1809 1600/1945/1809 1596/1946/1809
f 1546/1893/1810 1539/1878/1810 1596/1946/1810 1602/1947/1810
f 1537/1882/1811 1545/1900/1811 1601/1948/1811 1594/1921/1811
f 1551/1902/1812 1546/1893/1812 1602/1947/1812 1607/1949/1812
f 1547/1895/1813 1548/1894/1813 1604/1950/1813 1603/1951/1813
f 1538/1890/1814 1547/1895/1814 1603/1951/1814 1595/1940/1814
f 1550/1898/1815 1549/1897/1815 1605/1952/1815 1606/1953/1815
f 1544/1877/1816 1550/1898/1816 1606/1953/1816 1600/1945/1816
f 1552/1899/1817 1542/1881/1817 1599/1941/1817 1608/1954/1817
f 1545/1900/1818 1552/1899/1818 1608/1954/1818 1601/1948/1818
f 1548/1894/1819 1551/1902/1819 1607/1949/1819 1604/1950/1819
o 立方体.008
v -1.250228 4.154956 -1.408890
v -2.255080 4.155050 -1.408858
v -1.136448 4.157465 -1.037878
v -2.369262 4.157551 -1.037845
v -1.230841 4.161692 -1.857009
v -2.274542 4.161787 -1.856964
v -1.378384 4.354662 -1.409174
v -1.296194 4.389104 -1.011665
v -1.364253 4.355823 -1.860359
v -2.125587 4.355926 -1.409155
v -2.207848 4.390543 -1.011482
v -2.139745 4.357056 -1.860357
v -1.523487 4.527504 -1.409418
v -1.476151 4.589718 -0.990081
v -1.515143 4.523700 -1.863159
v -1.976473 4.532229 -1.409430
v -2.022884 4.595182 -0.989443
v -1.984685 4.528307 -1.863232
v -1.752687 4.628800 -1.405534
v -1.295731 4.124278 -1.403121
v -2.209642 4.124278 -1.403079
v -1.752888 4.713005 -0.959374
v -1.180776 4.127151 -1.025185
v -2.325002 4.127147 -1.025134
v -1.276783 4.131186 -1.858927
v -1.752723 4.621822 -1.866834
v -2.228663 4.131186 -1.858885
v -1.421875 4.321097 -1.403988
v -1.338706 4.355917 -0.999990
v -1.408171 4.322442 -1.861768
v -2.082195 4.322234 -1.403966
v -2.165434 4.357232 -0.999804
v -2.095924 4.323549 -1.861760
v -1.560274 4.486668 -1.404513
v -1.511993 4.548962 -0.980115
v -1.552326 4.482928 -1.863486
v -1.939808 4.491283 -1.404518
v -1.987174 4.554312 -0.979475
v -1.947628 4.487422 -1.863547
v -1.718830 4.650062 -1.411076
v -1.786507 4.650182 -1.411070
v -1.702255 4.773542 -0.974121
v -1.803512 4.773709 -0.974095
v -1.752888 4.713058 -0.959385
v -1.802908 4.674056 -1.866296
v -1.702505 4.673890 -1.866301
v -1.752723 4.621878 -1.866834
vn 0.6513 0.7303 -0.2058
vn 0.6682 0.7383 -0.0917
vn 0.5790 0.8098 -0.0951
vn 0.5695 0.7935 -0.2146
vn 0.1772 0.0911 0.9800
vn 0.1010 0.1535 0.9830
vn 0.0003 0.1360 0.9907
vn 0.0003 0.1076 0.9942
vn 0.1774 0.0910 0.9799
vn 0.6723 0.7398 0.0254
vn 0.5798 0.8141 0.0337
vn -0.6701 0.7418 0.0252
vn -0.6662 0.7401 -0.0918
vn -0.5774 0.8109 -0.0953
vn -0.5780 0.8154 0.0335
vn 0.8243 0.5564 -0.1044
vn 0.8323 0.5531 0.0359
vn 0.7953 0.6056 0.0264
vn 0.7876 0.6090 -0.0940
vn 0.8028 0.5497 -0.2311
vn 0.7696 0.6021 -0.2124
vn -0.8232 0.5581 -0.1046
vn -0.8015 0.5513 -0.2315
vn -0.7679 0.6043 -0.2124
vn -0.7858 0.6113 -0.0941
vn -0.8312 0.5549 0.0359
vn -0.7936 0.6079 0.0263
vn -0.6493 0.7321 -0.2059
vn 0.6716 -0.7409 -0.0057
vn 0.5799 -0.8147 0.0046
vn 0.5725 -0.8150 0.0892
vn 0.6644 -0.7420 0.0890
vn -0.6495 -0.7386 0.1806
vn -0.5639 -0.8088 0.1672
vn -0.5745 -0.8137 0.0889
vn -0.6667 -0.7400 0.0889
vn 0.5618 -0.8101 0.1676
vn 0.6471 -0.7407 0.1806
vn -0.5819 -0.8133 0.0045
vn -0.6738 -0.7389 -0.0059
vn -0.8246 -0.5560 0.1045
vn -0.7881 -0.6083 0.0940
vn -0.7959 -0.6049 -0.0255
vn -0.8326 -0.5528 -0.0348
vn -0.8033 -0.5494 0.2300
vn -0.7704 -0.6014 0.2116
vn 0.8234 -0.5577 0.1047
vn 0.7864 -0.6106 0.0940
vn 0.7686 -0.6037 0.2116
vn 0.8021 -0.5510 0.2304
vn 0.8314 -0.5546 -0.0348
vn 0.7941 -0.6072 -0.0254
vn 0.5564 -0.8309 0.0111
vn 0.5464 -0.8343 -0.0730
vn 0.5464 -0.8343 -0.0732
vn -0.5340 -0.8306 -0.1577
vn -0.5481 -0.8332 -0.0734
vn -0.5480 -0.8332 -0.0736
vn 0.5326 -0.8318 -0.1567
vn -0.1003 0.1535 0.9830
vn -0.1767 0.0916 0.9800
vn -0.1769 0.0915 0.9800
vn -0.0000 -0.0004 -1.0000
vn 0.0093 0.0008 -1.0000
vn 0.0162 -0.0004 -0.9999
vn -0.0000 -0.0039 -1.0000
vn -0.5581 -0.8297 0.0112
vn -0.0162 -0.0005 -0.9999
vn -0.0094 0.0007 -1.0000
vn 0.2338 0.0529 0.9709
vn 0.2166 0.0640 0.9742
vn 0.2160 0.0643 0.9743
vn 0.0257 0.0047 -0.9997
vn 0.0325 0.0063 -0.9995
vn 0.0255 0.0046 -0.9997
vn -0.2163 0.0648 0.9742
vn -0.2337 0.0536 0.9708
vn -0.2158 0.0651 0.9743
vn -0.0325 0.0063 -0.9995
vn -0.0256 0.0046 -0.9997
vn -0.0255 0.0046 -0.9997
vn 0.0016 0.9623 -0.2720
vn 0.0017 0.9938 -0.1113
vn 0.0017 0.9938 -0.1114
vn 0.0017 0.9986 0.0523
vn -0.5682 0.7944 -0.2149
vt 0.236857 0.512763
vt 0.234990 0.536547
vt 0.221568 0.536275
vt 0.221932 0.510158
vt 0.763245 0.572150
vt 0.774770 0.569361
vt 0.776375 0.572646
vt 0.776380 0.572793
vt 0.763665 0.574680
vt 0.235770 0.561946
vt 0.222574 0.562269
vt 0.204288 0.562263
vt 0.204584 0.536835
vt 0.217598 0.536324
vt 0.217095 0.562343
vt 0.261015 0.537437
vt 0.261618 0.561633
vt 0.248381 0.562017
vt 0.247816 0.536971
vt 0.266524 0.517106
vt 0.251116 0.514620
vt 0.178188 0.538249
vt 0.172256 0.518030
vt 0.187725 0.515225
vt 0.191469 0.537522
vt 0.178042 0.562450
vt 0.191383 0.562583
vt 0.202270 0.513024
vt 0.786762 0.616666
vt 0.775695 0.616609
vt 0.776037 0.594583
vt 0.787029 0.595174
vt 0.764707 0.594837
vt 0.788663 0.575029
vt 0.764308 0.616326
vt 0.743827 0.595450
vt 0.754608 0.595089
vt 0.754374 0.616558
vt 0.743721 0.614917
vt 0.740101 0.578929
vt 0.752228 0.575760
vt 0.808207 0.596449
vt 0.797362 0.595751
vt 0.800335 0.576497
vt 0.812447 0.580042
vt 0.807704 0.615914
vt 0.796926 0.617220
vt 0.741448 0.616542
vt 0.741142 0.595729
vt 0.814942 0.578639
vt 0.810882 0.596812
vt 0.737649 0.577454
vt 0.778136 0.569412
vt 0.789161 0.572511
vt 0.775694 0.616706
vt 0.774134 0.619745
vt 0.764152 0.618887
vt 0.809923 0.617614
vt 0.786835 0.619231
vt 0.777178 0.619789
vt 0.751611 0.573324
vt 0.753935 0.619037
vt 0.801021 0.574079
vt 0.797283 0.619713
vt 0.216690 0.510163
s 1
f 1636/1955/1820 1635/1956/1821 1662/1957/1822 1664/1958/1823
f 1636/1959/1824 1664/1960/1825 1666/1961/1826 1644/1962/1827 1657/1963/1828
f 1635/1956/1821 1637/1964/1829 1668/1965/1830 1662/1957/1822
f 1640/1966/1831 1638/1967/1832 1663/1968/1833 1667/1969/1834
f 1623/1970/1835 1627/1971/1836 1631/1972/1837 1629/1973/1838
f 1625/1974/1839 1623/1970/1835 1629/1973/1838 1630/1975/1840
f 1624/1976/1841 1626/1977/1842 1633/1978/1843 1632/1979/1844
f 1628/1980/1845 1624/1976/1841 1632/1979/1844 1634/1981/1846
f 1629/1973/1838 1631/1972/1837 1637/1964/1829 1635/1956/1821
f 1630/1975/1840 1629/1973/1838 1635/1956/1821 1636/1955/1820
f 1632/1979/1844 1633/1978/1843 1639/1982/1847 1638/1967/1832
f 1634/1981/1846 1632/1979/1844 1638/1967/1832 1640/1966/1831
f 1661/1983/1848 1648/1984/1849 1641/1985/1850 1659/1986/1851
f 1657/1963/1852 1644/1962/1853 1641/1985/1854 1656/1987/1855
f 1659/1986/1851 1641/1985/1850 1644/1962/1856 1660/1988/1857
f 1656/1987/1855 1641/1985/1854 1648/1984/1858 1658/1989/1859
f 1642/1990/1860 1650/1991/1861 1652/1992/1862 1647/1993/1863
f 1645/1994/1864 1651/1995/1865 1650/1991/1861 1642/1990/1860
f 1643/1996/1866 1653/1997/1867 1654/1998/1868 1646/1999/1869
f 1649/2000/1870 1655/2001/1871 1653/1997/1867 1643/1996/1866
f 1650/1991/1861 1656/1987/1855 1658/1989/1859 1652/1992/1862
f 1651/1995/1865 1657/1963/1852 1656/1987/1855 1650/1991/1861
f 1653/1997/1867 1659/1986/1851 1660/1988/1857 1654/1998/1868
f 1655/2001/1871 1661/1983/1848 1659/1986/1851 1653/1997/1867
f 1627/2002/1872 1623/2003/1873 1642/1990/1874 1647/1993/1872
f 1626/2004/1875 1624/2005/1876 1643/1996/1877 1646/1999/1875
f 1623/2003/1873 1625/2006/1878 1645/1994/1878 1642/1990/1874
f 1666/1961/1826 1665/2007/1879 1639/2008/1880 1660/1988/1881 1644/1962/1827
f 1669/2009/1882 1668/2010/1883 1637/2011/1884 1658/1989/1884 1648/1984/1885
f 1624/2005/1876 1628/2012/1886 1649/2000/1886 1643/1996/1877
f 1640/2013/1887 1667/2014/1888 1669/2009/1882 1648/1984/1885 1661/1983/1887
f 1625/2006/1889 1630/2015/1890 1651/1995/1891 1645/1994/1889
f 1631/2016/1892 1627/2002/1893 1647/1993/1893 1652/1992/1894
f 1633/2017/1895 1626/2004/1896 1646/1999/1896 1654/1998/1897
f 1628/2012/1898 1634/2018/1899 1655/2001/1900 1649/2000/1898
f 1630/2015/1890 1636/1959/1824 1657/1963/1828 1651/1995/1891
f 1637/2011/1884 1631/2016/1892 1652/1992/1894 1658/1989/1884
f 1639/2008/1880 1633/2017/1895 1654/1998/1897 1660/1988/1881
f 1634/2018/1899 1640/2013/1887 1661/1983/1887 1655/2001/1900
f 1664/1960/1825 1665/2007/1879 1666/1961/1826
f 1667/2014/1888 1668/2010/1883 1669/2009/1882
f 1664/1958/1901 1662/1957/1902 1663/1968/1903 1665/2019/1901
f 1662/1957/1902 1668/1965/1904 1667/1969/1904 1663/1968/1903
f 1638/1967/1832 1639/1982/1847 1665/2019/1905 1663/1968/1833
o 平面
v 1.945591 1.718656 0.335785
v 1.871191 0.205839 0.335785
v 1.945590 1.718656 -1.862391
v 1.871190 0.205840 -1.862391
v 1.896308 0.716561 0.335785
v 1.896308 0.716562 -1.862391
vn 0.9988 -0.0491 -0.0000
vt 0.000000 0.388097
vt 0.000000 0.155477
vt 1.000000 0.155477
vt 1.000000 0.388097
vt 0.000000 0.844523
vt 1.000000 0.844523
s 0
usemtl マテリアル
f 1674/2020/1906 1671/2021/1906 1673/2022/1906 1675/2023/1906
f 1670/2024/1906 1674/2020/1906 1675/2023/1906 1672/2025/1906
